customer_id,customer_name,transaction_date,amount
efc23b60-4a44-4922-9547-061c228bae71,Ronald Calhoun,2024-07-21,90365
5cf588ed-5637-40d9-a19f-558f5351b9aa,Mr. Philip Arias,2024-08-31,58374
b00b3b90-7204-4865-8b7c-6a139a251aca,Gregory Carpenter,2024-01-03,50094
05d5ce26-b2d5-40f8-a482-5aba206863f7,Tina Briggs,2024-02-08,6559
97e5249c-df3f-45ea-a801-9900d8a87e83,John Lin,2024-04-11,59822
626a5dfc-8391-4436-b9da-a85aad41910e,Susan Townsend,2024-03-23,69099
d8e3fae8-8bfe-4b4c-932e-31cd8eb17a03,Carrie Martin,2024-08-27,30145
dc69172e-b1ea-4218-8ea8-4bbc8095e6dc,Melissa Alexander,2024-03-20,59698
68aebf0e-0d4b-43eb-8515-74320a6473ef,Adrian Hawkins,2024-05-31,39901
4845d19c-197e-472d-9038-5f2508f9df68,Kyle Palmer,2024-04-07,76864
8c6bff28-315a-4126-bf23-ba059421a662,Tracy Jones,2024-09-13,86505
7ebc5b68-6f57-42d5-b589-9d6f7fc8f6d9,Lisa Blair,2024-02-17,6275
f6d6ffe4-a079-488d-a11f-6df33020d40d,Jodi Sherman,2024-05-22,67068
eb8aeece-e98d-4329-9e87-0c3c16677afe,Jeffrey White,2024-05-28,26706
494ff50f-fe52-4ebc-a338-70f6127ca775,Olivia Salinas,2024-04-21,99208
5f6e7701-e14a-4ba4-a800-6d16581a2e27,Diana Myers,2024-05-11,24938
cc5da75f-c45d-42e5-a428-78d847ce3f2c,Samantha Kelly,2024-03-05,92575
9914fd19-0e74-4db6-a744-f794d1f97670,Brian Bowman,2024-02-28,89723
4503e198-d1d2-4276-a0ec-24d766c267dc,Hannah Williams,2024-07-29,38092
e1558057-4387-46be-b786-e9b993eb7b94,Shane Norris,2024-07-04,50309
24b7e873-d8c9-4506-849f-51cdce655c7c,Andre Smith,2024-02-28,36502
92c1343d-3e2d-4d85-ab2c-40b7af6e5054,Angela Cross,2024-04-30,62231
b7616390-ca67-408c-860a-b81e12873d25,Paul Johnson,2024-09-20,42169
1a5cc43d-d108-4ae0-8439-3241ec0faf1c,Frank Hughes,2024-03-27,31358
08812187-9dd2-493a-9633-b015f11d7463,Kenneth Ball,2024-07-19,85846
b17e676b-1235-422f-992f-5b1eaa892074,Lindsay Hall,2024-02-18,75206
f15c1267-2b3b-4c46-a786-8e8b15c4d5bc,Dillon Jenkins,2024-01-28,62146
3e36b09a-5be2-4fd0-ad4d-b4bbcdf4ccce,Rachel Gillespie,2024-08-05,90592
c18daf0d-83af-4f03-9671-6f654194d44a,Tina Terrell,2024-06-16,42306
bdc5c59e-ae3f-4663-bbc9-e5d1e68973ed,William Hampton,2024-07-20,49005
b1451fac-f83e-44d2-a61d-5662662c2769,Lauren Anderson,2024-01-26,64006
db2d9745-1c06-4b0d-abe1-7f8714689719,Ronald Waller,2024-08-22,34876
d61b3383-0278-4f2f-83e9-0fe55fde27ce,Alexis Horton,2024-04-22,43114
6274f18a-e678-4988-b67f-89ce341d79a7,Julia Faulkner,2024-01-15,68315
c8d7e8d2-13c4-4d80-b44c-5a352dbcd294,Martin Perry MD,2024-04-16,81847
08683e15-23f4-467f-bdeb-173e9112f5c6,Jamie Hawkins,2024-07-04,41058
c3c6da2b-6f41-470f-8d41-d5455e753ef4,Andre Hall,2024-03-05,53096
7f1d383a-7b20-42ba-a0d0-e6d09cb84d96,Troy Thomas,2024-06-22,61111
845c6d04-140c-472c-bef5-6fa7736a2b38,Dylan Watkins,2024-08-03,24411
420a5fa5-98da-46da-ab83-dae06af26a3d,Jose Bennett,2024-03-07,85554
c2da2f80-c60d-46a5-b3da-1c6f6fa58b17,John Cisneros Jr.,2024-01-20,80886
281c114a-8c57-495f-8c39-18a4c50fb532,Paul Maynard,2024-08-28,6601
8554ec45-8107-46f6-8c05-a1558e52de69,Amber Burns,2024-01-03,38835
4e7ce033-7032-46fd-9851-184254aba9c3,Karen Moore,2024-05-03,41838
efc49617-95cb-4fe5-81ef-8a3ed5af9753,Stephanie Davis,2024-09-14,55313
49a3b73e-095d-44da-acb7-1df14ce4bf33,James Howard,2024-04-24,87234
10d5e1c7-a663-4ed4-a0fa-5d0b59b5716c,Teresa Stewart,2024-04-01,80773
5f166cf5-7b1d-4670-955b-517127c67956,Paul Curry,2024-04-27,45097
65de96af-b3c6-4de4-8f8b-f20f673b232e,Rickey Griffin,2024-08-04,71902
b2b0ae19-33eb-40a3-9f0b-ad7b965ad2b8,John Evans,2024-05-11,73527
ed1f4f85-87f1-465f-92b1-a9f49a2a9f56,Bonnie Hurley,2024-07-09,27367
624fbab2-2574-4f30-af19-3130b8dfc27e,Taylor Garcia,2024-01-30,2871
1c1f2062-c07a-4ffd-9111-e71b668b77ac,Jeremy Douglas,2024-05-05,96085
f98abe95-5598-4421-ab85-0817e4552618,Krystal Griffin,2024-03-27,18806
2c6632ce-a94b-4b0e-833c-06a0ab7be4c0,Robert Osborne,2024-01-23,22222
c53419e1-b9cf-4666-81c4-d313a054c6f5,Shari Wells,2024-01-06,2663
bbf62815-3c5f-4dcb-babb-2b6232bc0d9f,Katrina Mills,2024-04-07,22978
f7c430cb-ab08-48d4-949e-c81a2d0ffe91,Brandon Fowler,2024-01-18,34701
05dc22a1-fd32-487a-bf75-09eed299212c,Alexandra Castaneda,2024-03-13,58504
1ac91b74-384f-4461-a023-4fc4a2d805f3,Mark Armstrong,2024-07-17,1608
88c0938b-9fd8-47da-83df-427bfccca92b,Nancy Patrick,2024-07-22,34377
556545ab-c996-4f6d-a04c-e1be3a43f556,Gilbert Hernandez,2024-06-24,23788
01ae16e6-c004-4f80-9ee2-006e42e7c364,Kelly Kelley,2024-05-30,5158
4fda207b-617b-48ba-a8bf-ec4636d54674,Jacqueline Moore,2024-08-30,76672
63854eb4-3f3f-4975-899a-3c678da7781d,Audrey Smith,2024-03-03,46732
be03928e-ae63-4828-bed3-67b40a1ab930,Gary Walker,2024-08-29,39763
cf46708d-b325-453a-98db-b41fa058e19c,Matthew Clayton,2024-09-13,36436
7b88982e-4d4c-4206-8852-9919ab3eaf56,Sara Dunn,2024-07-07,95883
3f69d9f6-85f6-4355-97ea-2542b5047898,Jesse Adams,2024-05-13,16466
5f7c9abc-1e17-4286-8737-1a8829195a38,Jenna Neal,2024-09-02,32494
8de9b31b-53a8-4ee7-93f6-97966bc31d90,Susan Brown,2024-07-29,55069
5ece6a5e-9c31-4dd6-9278-72df3888d0f6,Joe Obrien,2024-04-24,47503
79b8513b-bafe-4d8c-bc31-4bd32582ccc7,Alexa Snyder,2024-06-16,80535
5f226ade-969c-43ca-9d92-2bd973495ca1,Wesley Burns,2024-02-20,33553
98f57de9-d7ff-435b-bf5b-dc143f043631,Heather Nguyen,2024-05-01,19518
76a15d45-e0f6-4a67-a894-20c2747d7966,Jessica Aguilar,2024-01-09,26084
5f234bdd-139b-4c21-b1e9-2c639fe48cbe,Robert Thomas,2024-02-13,92990
38579ee0-0ef0-470f-9141-67b9907e3ec8,Rachel Dorsey,2024-09-09,27125
4bebfbbd-8205-4f4e-a182-4fbfc6f3bd89,Angel Sullivan,2024-05-21,87216
143c1e04-2401-4004-8e86-4897546bec00,Roger Walsh,2024-04-09,94267
d9ffe5ae-7495-4bf7-b2d5-a3ae50ee800f,Maria Hamilton,2024-01-27,1303
ebdef033-7f67-4264-a233-fac22fca7567,Matthew Phillips,2024-01-21,11916
70e33701-e31d-48dd-b94e-aaa906745da9,April Duncan,2024-01-20,22757
12214517-e42c-4df7-8840-986787bbc38a,Brenda Solomon,2024-06-17,1335
d8552855-55fa-40eb-adb3-b4bea377ce74,Jason Douglas,2024-02-13,15923
88b57397-a84a-4653-8a4b-a62d23d2aae0,Tammy Hodge,2024-07-28,39485
627dc6fa-e260-453f-810b-bad923f9b014,Christopher Johnson,2024-01-25,4360
4e75d457-a928-44f7-9d59-8ba1d990216f,Robert Shelton,2024-05-09,15912
74b565b2-bd57-4243-a792-6170f1124863,Victor Clark,2024-09-06,58651
24352c24-4085-4d74-9272-756a31b1038f,Dalton Ramos,2024-07-25,85540
9771f6ff-7915-467a-b6d7-15809ac21ad3,Ryan Harris,2024-05-20,43831
94e2878a-175c-4fe0-a732-d8e0dc2bea07,Reginald Brown,2024-06-08,11413
057a4962-51a5-4efd-a421-546b0c267f9d,Jordan Ware,2024-05-26,31398
4dc0af4c-84b0-4dce-a3b3-67472d6857ec,April Harrison,2024-06-25,58790
eaa2fdcf-2d12-4f73-8e7c-96333fc683aa,Gary Stewart,2024-09-18,11513
1626db88-1bb0-4fe2-8971-51f31fcf0d97,Debra Spencer,2024-05-02,57121
8ca1b224-d091-4bc0-b24a-1813b8dd954a,Jennifer Moore,2024-09-06,544
d1c4ea90-3bf3-4c15-8a71-c8a2721ebd30,Veronica Miller,2024-07-04,27885
ff097085-24b4-4616-ade7-d6c22fbc67a1,David Cook,2024-07-06,84930
d85199e1-0ec1-4972-b113-aafdbc02fc12,Jodi Young,2024-03-23,30928
d670c4a3-2901-4881-b70a-402b2c319a9e,Marc Moon,2024-08-18,85434
bffa0e5d-cb3c-4436-bd29-f0187679bbee,Jacob Cole,2024-04-25,50932
363312f7-55b7-4fae-b1ca-0a982b6c3275,Becky Olson,2024-09-11,62636
b57e6934-09ea-4660-b361-49f2f69de30c,Clinton Mclean,2024-04-14,81327
2e62ea15-48b3-489e-abc3-6f456268afa3,Traci Spencer,2024-02-20,48243
8f7707e5-709e-4884-81e6-923d097095d6,Krista Sweeney,2024-03-16,26383
ac262891-336b-41cc-8e9f-3a8e84c223d7,James Harris,2024-05-12,63745
c8131ceb-fdd3-4083-ac59-030d15b0d130,Harold Gibson,2024-05-01,17926
5d647686-2114-4090-93ec-6b949dd51cfb,John Gonzalez,2024-06-04,67899
620fc39f-5437-4fa3-91ed-289c3d382233,Tammy Young,2024-07-04,39801
7ae334b7-aaf3-4d45-8328-618198138bf1,Matthew Castaneda,2024-06-28,89639
81851119-c007-4805-9f60-562231a660a6,Shannon Walker,2024-01-01,2873
81fe7c2f-a756-4dbd-a67f-e736a0dd3a3c,Ryan Howard,2024-03-09,84095
2d4bad38-e919-4679-b0b9-1921a062a1cc,Jessica Patel,2024-02-11,36970
8674c273-99b4-4c6c-aba0-d7de0c2c3b71,Claudia Delacruz,2024-01-01,54479
59b5f1a3-a28b-4e51-9ad4-e226d2506913,Adam Lawrence,2024-04-21,75928
bc019509-e2b6-4ae8-a1aa-18b44f8b06a1,Randall Henderson,2024-09-12,34662
5c432fd2-0bfb-44c7-84c4-8cacc8be7306,Jose Gordon,2024-07-27,90880
1fbffa81-9001-4cad-8d31-a31ae3ee106a,Paul Lane,2024-02-04,92065
e9fd93ba-d168-47d2-87b1-7d9f926ba563,Elizabeth Watson,2024-03-16,51183
3dee600e-2474-442b-8b44-688f6d36831d,Kimberly Gutierrez,2024-03-14,93621
b7c8ad06-3710-456e-8f12-0d278268a997,Timothy Brown,2024-03-06,47531
378e52f0-b841-4f80-8e53-ca456f4501c1,Johnny Young,2024-05-17,26693
2cef0e32-9294-4585-87e3-b98db660948e,Benjamin Delacruz,2024-01-28,36826
d0fe2a69-f5f0-43c8-9f1d-540a239d33ce,John Padilla,2024-07-07,69303
92c60959-5ae2-4322-a651-ca00c133d040,Dr. Katherine Lowe DDS,2024-07-19,18304
0aee2d91-695f-49eb-a6d1-0f2b0d445caf,Shelby Williams,2024-01-18,58672
2f992083-c78d-42b8-bf5c-940f0658aae2,Ray Beck,2024-01-14,79831
1246a270-bf42-4a33-abf5-25b3c60ce13b,Jordan Newman,2024-08-06,92744
4eda7450-88cf-4aeb-9aeb-18c8dbb3b99c,Bernard Washington,2024-01-30,9428
1efd79ec-11de-4715-b4cc-c80812352825,Jason Nelson,2024-09-03,47024
84ce6ae8-9214-4565-bb65-a3d5a6bbfe6c,Heather Adams,2024-04-24,47862
c06ce448-677f-4106-9836-f5ffeef5c69e,Christopher Weeks,2024-04-25,20546
2d11612e-74d8-43a6-af20-5449cabd3e93,Rachel Foster,2024-09-07,74123
7235b619-19ce-4f30-9b50-1da814f5851b,Brian Dunn,2024-06-20,81074
008d6844-400a-4676-8f93-cf6e79bbade3,Jennifer Ware,2024-02-09,17340
857aa617-6c87-42bd-a225-29b2e45243dd,Jorge Weiss,2024-05-23,7102
42496a37-5fc1-4e89-929a-5d5f2d6ab99a,Arthur Collins,2024-03-10,93091
a73e1c37-872d-4e38-8f3d-193a1fbdbc94,Bruce Johnson,2024-06-25,38292
3bf05e37-6cf3-4689-9761-fc7f4c1d3c6e,Thomas Kramer,2024-09-02,98217
e401500a-3cfd-4711-b1a8-56fcb3d70774,Kayla Johnson,2024-05-13,45427
b82b407f-4c29-44b8-8c21-4e00bc58f817,Mr. Stephen Lee,2024-02-13,88869
f19ba12f-f9be-4636-a08c-1c7ac007792d,Natalie Pacheco,2024-03-28,46485
2c35db99-30f5-43f6-a874-25fe3471b75f,Tammy Gibson,2024-05-05,85538
090b3305-31bb-42ea-b5ac-2762a1f59fd3,Michelle Robertson,2024-05-30,61778
15902689-1c4f-47d2-a782-aee45e176309,Wendy Hall,2024-07-23,83115
6bd4fb27-f0fa-4338-81af-dd10a5339ca3,Elizabeth Perry,2024-01-23,13437
e55c4c9c-2127-483d-84f8-312cd397fe65,Alyssa Wong,2024-03-26,1003
8f6850dd-13ce-4603-a134-26f0b19f375a,Steve Patel,2024-01-15,28313
45f8ea87-9e2d-45ee-8090-c37fd8880531,Robin Santiago,2024-05-25,58498
1fa99eae-15ec-4536-8766-739d00030b54,Andrew Levine,2024-07-03,24786
88855265-33ca-40cd-ac71-68c1c245510b,Sarah Williams,2024-09-11,82032
85a6b1c7-bb4a-465d-8eb8-f01dba0c77c5,Rick Bradshaw,2024-01-05,63841
c1ddb086-069b-4c79-8de6-e0b6ade11d9d,Connie Wise,2024-02-25,50772
0ad6f487-3fe1-4276-81c9-0a063d38c51d,Sharon Henry,2024-03-24,71050
79830adb-0c8f-457f-b6fc-73f5f635074d,Victor Trujillo,2024-02-03,20772
b1f636d0-ad04-40fc-93b5-c7368f214597,Joseph Wong,2024-05-14,82101
393106dd-aa83-453e-bb8f-2388aa679984,Daniel Schneider,2024-06-18,35363
8f6377c0-6f94-4046-8b80-fa227b2b09b7,Thomas Chambers,2024-05-06,24283
606c3fed-6028-4151-a779-61327cf881d0,Matthew Roberts,2024-02-27,71745
a0af57bd-c19d-4dfe-9b7b-f7dfcd49dff8,Ms. Sandra Terry,2024-03-30,32394
90c483e5-8919-4db1-a590-f0763e18fd6c,Dustin Robinson,2024-07-12,56305
089cfffc-4617-429c-958f-91d90fb8c2a9,Kayla Peterson,2024-02-28,38509
8948467c-a680-426b-be54-8d326a0bf769,Heather Kelley,2024-04-27,97886
f2debc12-eb62-4aac-8a6d-c439c509236b,Richard Davis,2024-03-23,57410
1848b25a-73c8-48e2-a2f8-511b29ba2054,Billy Smith,2024-01-16,33157
b50a49ab-25c4-40f4-b534-755b57fdbabe,Alexander Lee,2024-03-26,73707
fa951f28-8ecc-4a1f-b3ca-e78b484a5756,Robert Brooks,2024-03-31,83480
75ba1c5f-b542-4940-a0e8-89feb4dd5e5e,Paul Williams,2024-02-01,42204
090ca2e2-e782-46a6-8645-d4950a0ce1ed,Connie Jenkins DVM,2024-04-02,60441
efbb37c4-13ce-417e-893f-0bad83acf0b1,Christie Meadows,2024-09-05,65890
f058633e-fd27-484a-83cc-d68923f5bbc0,Gilbert Henry,2024-03-22,38870
5eb97723-1d24-4fea-bbc9-f578543b48bd,Jordan Ramirez,2024-02-24,95583
fb4c59cc-b323-4b26-8049-48cb60b49bd8,Tanya Anderson,2024-02-24,40472
c0c0ee96-45d1-4093-876d-192a011e4fe5,Veronica Todd,2024-04-17,12468
076a6e91-357f-4cb0-99b0-cd67444ee769,Julie Lopez,2024-04-04,96229
837ac489-8d53-4fbe-a58e-b338758934ad,Amanda Roach,2024-02-17,93916
319078ab-c938-4174-bb03-0b71bf52a8fd,Raymond Prince,2024-03-11,98149
652039de-a062-4fc8-9b8e-92031c80180d,Danielle Ellison,2024-08-26,84404
e062f955-eee0-4d7e-8bb7-c4acdb89e21d,Robert Wilson DDS,2024-07-22,88727
2ba6812b-96c6-48ab-8c96-94a2b97608a4,Daniel Hernandez,2024-02-16,20479
eb5f76b4-eade-4c7b-873d-e9e3290db264,Meghan Robinson,2024-05-19,75286
d5e0599f-306e-4aeb-ae58-d801bd7affff,Robert Smith,2024-07-11,3159
8a6c1771-3902-4b21-b424-ea218bfa6edc,Sherry Pierce,2024-02-14,19888
eb037e9f-deab-4fb1-b1c0-f8df0e5a1972,John Farmer,2024-07-22,90309
bedf8736-dff7-4dab-95ce-2f66cfe47caf,Derek Woods,2024-08-11,65488
48715775-4aca-44a3-8bd8-3f49154138d9,Jack Lee,2024-02-25,84242
95c8c6ec-b7a5-47b4-b8d1-df19a8713058,Marcia Brown,2024-04-05,92309
85449b6b-53c5-4821-b206-fef9d651979e,Carolyn Smith,2024-02-20,97615
4fa2faa0-21a6-4838-b099-2c3d7cb522b7,Brent Long,2024-06-30,72402
002b5d24-15a9-4bb3-afab-18cb86c8d169,Luis Chang,2024-05-04,44460
1f0c8df3-94c5-452b-a2e9-5371542e9355,Rhonda Lee,2024-09-14,40772
e4205a9d-883f-4ecc-a9d5-2faeef1e0107,Robert Humphrey,2024-03-01,41190
b62ffc3a-08d1-4bc3-a6ce-9fdf39d18c74,David Davis,2024-07-01,91401
8eeb7588-3abe-438a-b111-50a31b2b26f7,Vickie Livingston,2024-06-26,52507
9b0d291c-f3f8-4755-94c1-2bb5c84cf0e6,Nicholas Hansen,2024-05-30,75815
207308ac-2f5a-4906-b684-da0799b71e8f,Ricky Hanson,2024-07-17,30764
89e6d6c6-591c-43ab-a134-5dc681c6afb2,Lynn Mathews,2024-08-15,54413
424f4ac2-18b7-4ad0-9167-6d70a70eb8e1,Mario Wagner,2024-09-12,53267
d402525f-e8ac-47b4-a6be-ad87b1eb9288,Michael Wells,2024-07-14,39664
5ae5f792-4713-4b6a-bfdf-b0b70ca73de1,Christopher Newton,2024-01-14,21808
715a6e53-cf37-45a1-9b93-272f27d540db,Reginald Barnes,2024-04-28,25800
95be745a-a8b6-47b9-9678-7ab07572d582,Phillip Mcfarland,2024-08-19,59299
f3b8531e-c456-4416-bb94-c5316bcb7c5a,Kyle Gonzalez,2024-06-23,42599
2fd4f796-04ba-4240-8b71-076286a4a80d,Adam Anderson,2024-07-14,66082
2702133d-c235-4f90-a21a-d5534ea80142,James Gonzalez,2024-04-03,65780
a559312f-cc08-4753-8902-ce7d7771a162,Dustin Perkins,2024-04-03,55705
11440605-3336-4cd9-9b67-c4e2ef9dc158,Mason Bray,2024-02-27,27003
05a263a1-d98c-499c-bc35-540325032bbb,Clifford Keller,2024-08-25,79361
f8abea40-a7a6-44fc-8348-1477b498a727,Richard Hancock,2024-03-13,25714
458f4109-b309-4518-851c-3c7fd8b6125c,Amanda Harris,2024-07-26,12063
0c677541-f777-46b9-9f16-56489eccc9bf,Linda Ross,2024-03-15,4004
00f53d42-eac8-457d-822d-f2b94c8773c4,David Olsen,2024-04-03,23839
0ccc8f22-bf52-4f64-becd-b8854455e110,Barbara Clark,2024-04-12,431
63c3bd26-daa2-4a52-b6d7-d43079698ce8,Lisa Huynh,2024-08-15,93612
2e2d0f20-d1eb-4a48-b76d-87c1c0a7ef44,Craig Atkinson,2024-08-24,30057
993c93cf-f5d7-4bd7-807a-e51a9e3fc725,Anthony Moses,2024-05-21,11038
19699d57-9171-4f33-a07b-4e4ad04ee084,Ronald Ramos,2024-06-16,48704
ece00fdf-00b2-4dfe-bbbe-c3d1841c8e7e,Tanya Jennings,2024-01-22,40874
ecd8f32e-784f-4e07-ac03-a96befe7a17e,Harry Carlson,2024-07-16,83781
79d33c06-9f18-48cb-9774-0c82370bb025,Christopher Delgado,2024-06-23,5680
f14bc764-79a3-4483-82df-751bba967407,Mrs. Ashley Cross,2024-03-02,58955
b2e68574-2be9-4f55-ac83-42409f2d973a,Christopher Jenkins,2024-06-19,8616
bef41455-e940-4996-ae4f-17fc9f39ae57,Julie Diaz,2024-07-23,84276
790cd895-dc87-41f3-be38-c27ff783dac5,Justin Clark,2024-02-09,60074
7bf2f36b-9ce9-4d33-ad26-2851a7e04cde,Kristina Marks,2024-01-21,85796
d0e7be09-11c8-44a3-947d-4e1f5546e920,Alexis Barnett,2024-01-03,35958
93edbcd5-b36f-4747-9198-180648031082,Jessica Wright,2024-05-20,24750
e7d3f8be-b583-40a2-81b4-d23792a9657f,Margaret Raymond,2024-04-15,19670
8908c14f-f660-4357-a8cc-4daf9f303211,Jasmine Adkins,2024-07-22,50046
f924ff97-f186-46dd-815d-adeb2f2cca73,Tyler Faulkner,2024-03-08,21756
85502604-f0a9-4bba-91d9-b575f3d3ddff,Carolyn Barton,2024-07-26,37012
77512cb0-797c-4a5e-9be6-2ffc7a5869d1,Michelle Lewis,2024-02-18,30770
7303a5fa-2a4b-4eb6-b8d0-d90e6c89bd84,Jonathan Stone,2024-05-15,1809
dc4b9032-0919-46a3-85e6-592da2375313,Dustin Sims,2024-09-03,99092
dcc4719d-4a64-4f4a-a9fe-1d64d2853d13,Joshua Newman,2024-02-28,90707
f12420ba-cd96-4ac9-bb61-12be97348588,Christopher Sandoval MD,2024-02-13,73007
ec20a035-7e55-457c-86da-3f32ac764c3d,Thomas Copeland,2024-02-25,2362
2e163316-9127-44bf-9f1c-f586194e9082,Nicholas Galloway,2024-01-28,13714
be464dee-bf85-4609-bcca-cbf565987743,Philip Cooper,2024-01-13,80988
3f819447-3c44-45db-8be5-dd5b172b498b,Robert Barnes,2024-06-21,23593
e6d5475f-77aa-48a1-a583-9a52efb7cd94,Brandon Moore,2024-05-08,74569
244e8a96-bb5d-456d-91bc-212ad3122a15,Victor Taylor,2024-06-16,22692
f2a6e077-170b-43ce-bce6-9e7f6433f708,Nicole Smith,2024-06-26,64522
cb749aaf-dc72-4844-93c1-cda6e4bfe948,Tyler Brooks,2024-06-22,61573
5e91d986-83d9-4551-99b0-89566bda85f5,Jaime Boone,2024-01-03,62452
587e6902-e472-4105-866b-b014a9fa4676,Ronald Blackwell,2024-08-10,82538
9e9abab2-c686-4156-b2ef-1ff0e38b0255,Brooke Quinn,2024-04-04,22836
5652f9c6-1f2e-44e5-a408-a15267b3ac56,Nicholas Carson,2024-08-08,59373
43533570-98e7-46b2-8b25-b8fb8a61051f,Andrew Sanchez,2024-09-15,46900
cc478f1e-0700-4f4b-b022-cf6d2de986c0,Kimberly Howard,2024-04-15,99381
df8a80a0-175a-4ca4-b7a2-2883144764a8,Terri Cole,2024-07-21,33421
5b7d3326-7a74-48c4-a28b-b5fb95dbecba,Yolanda Rodriguez,2024-07-11,79026
bfdc52da-908b-43a2-879c-6f4a91c32349,Robert Curtis,2024-04-06,46475
49fbae55-0d21-4194-aa18-4437aa19f510,Joy Howard,2024-02-20,61726
2d38ccbc-0b68-4231-be0a-5bd79c6aa12f,Mary Aguirre,2024-01-06,62845
9f200371-945f-4717-b63c-4930e7161610,Casey Hoover,2024-04-24,32687
87878851-d767-49aa-baa1-233a24aad80a,Victoria Watson,2024-02-15,14851
b7f9d7fc-809d-415f-9781-f3648a8e189d,Nicole Lee,2024-06-12,33873
27c35884-87c9-4a32-8538-371e7c076773,Thomas Martin,2024-08-08,69505
214caab2-e78f-42dc-b9d9-b2aca857db12,Dr. Kelly Valdez,2024-08-31,21931
bcbff03d-4e7c-44a9-bd2d-f6b44cb4b3f8,Vanessa York,2024-09-03,17458
2094cbb5-793a-4436-ae6f-878d64cf2832,Nancy Bryant,2024-02-29,19872
b49bfe97-ad24-48ce-8336-1ea7f5e794c0,Pamela Sanchez,2024-08-27,40345
1d804e65-731c-4ef5-9334-c0ba494d5b56,Shelly Smith,2024-07-06,30083
b389f810-3985-416f-b874-ed3516a0c915,Amy Leon,2024-01-09,83998
bb01f85f-e396-4d01-adec-ec9bcb0b934b,Angela Herrera,2024-09-22,38152
9ef26075-2749-4d04-ad3e-d2de1bc847b7,Paul Chavez,2024-04-13,87886
c9b6b62b-460e-4df3-94fb-512751b38af5,Chad Jones,2024-05-16,95683
b99a0b97-bd2f-4cc8-9433-e11c8dbfef53,Luis Shaw,2024-02-11,36841
a73ad47f-79bf-4a09-a7a2-3c1880fd595b,Douglas Velez,2024-09-17,9057
f52dcd0e-d1c7-4689-930b-ef81d2765ed8,Kelly Ortiz,2024-08-16,45246
b47f5028-7e1f-4668-9b96-fdfc60da428a,David Torres,2024-04-09,66898
ed1fffd8-8a70-4eb4-af96-121ba917fccf,Gregory Hartman,2024-06-23,9950
1832e080-dbd2-4f87-a7fd-f2cfca8eb95c,Mr. Troy Cole,2024-08-07,27806
af4d3c35-7e1d-4ec2-8516-95538920458f,Stephanie Carter,2024-01-12,29809
fa9b73ce-ee3f-4c24-8e02-588f6ef68979,Andrew Williams,2024-02-24,91089
1d32d4e6-2c22-4400-8ef2-30649b80cd47,Clayton Wolfe,2024-08-23,25410
f97a97a4-5c42-476f-9987-40429468d81e,Paul Marshall,2024-08-03,30429
65e56534-9209-4f8b-919b-1959645a7c45,Trevor Sims,2024-05-14,47873
8aab3489-0c4c-4250-b428-51dfe3f8f437,Kayla Holland,2024-03-24,12060
64bafb3e-6d4a-4639-982a-2e95df154efe,Erin Phelps,2024-06-13,24647
6145ec9a-8747-4353-82d3-6663edbc73b1,Shannon Wright,2024-08-15,1776
159e96f0-a230-4e4e-b0d5-4cc0f052a3b1,Susan Riley,2024-02-23,7420
a8492536-a7d9-4fa1-b491-99c0df21e58f,Anthony Vargas,2024-02-18,7606
891089cd-b457-462c-84e5-11de73076522,Kyle White,2024-03-27,4247
2a268519-7ea7-4204-b1d8-7ec190c67df0,Richard Stewart,2024-07-19,35831
125ca684-02b5-405e-bf03-a0c54fcc11c9,Bryan Thompson,2024-09-10,94580
269620b5-6e02-4239-9a80-a11c2a996395,Kayla Buck,2024-09-09,1236
0b0db8bf-8914-4bdd-b899-5c2695dbb6ba,Judy Fields,2024-02-24,80582
a763cac0-140e-4c73-bed9-3aba6d7784d9,John Schmidt,2024-06-18,1440
761e3911-4c4e-49c0-a9b9-48b16cedadaa,Vanessa Day,2024-05-18,65770
0511c861-a1c1-4d38-9180-907d84273706,Rebecca Nelson,2024-01-05,50671
06d6c7e8-8b33-4a2d-a4df-ed2e420d9110,Jessica Mcmillan,2024-03-20,72263
9e525eb1-b19c-44ef-a92a-0ed309fc5188,Brianna Golden,2024-06-02,64261
54d9ae93-1609-40fd-90e9-87566dff5c2d,Ryan Huffman,2024-05-06,43489
a9276dc8-0a8b-4191-be90-43db4979e652,Brittany Shelton MD,2024-08-16,75318
02b8ce08-f013-4dd9-949b-cdfc4778edb1,Nicole Colon,2024-02-11,28087
64c73f48-f2a2-4ca6-80e3-4d1f6f467bc6,Ashley Schroeder,2024-05-10,4292
1c985b75-0dc6-48f7-905d-5088c9e4500d,Misty Hicks,2024-06-27,16625
7b828088-2c65-4bed-9265-5cd7e922be4a,Donna David,2024-04-26,38284
cc8a2f16-729d-4c63-bb72-d4ed60a1d3fc,Theresa Castro,2024-03-26,59420
80b38964-dc3f-4d44-824f-8b370a8107e7,Charles Pope,2024-05-23,68041
9ed3fddd-243f-497e-b964-db7a46c451ff,Jeffrey Solis,2024-01-06,57096
9f3c3a75-f56f-480c-9ce5-5ab62bc5feed,Jamie Thornton,2024-05-30,63643
1f7025b8-40b0-4dc2-a19e-ae72a9bb421a,Toni Hill,2024-05-04,46728
b2af755c-df3b-4a81-8420-40e55b9849bf,Colton Fritz,2024-05-13,51036
8b8deb30-5b1c-43ea-a4b5-e1306fb8f96c,Darrell Gonzalez,2024-07-10,43582
3d9d91d0-371f-4e1b-8e34-677818aa3658,Phillip Rodriguez,2024-09-12,3747
d231625c-8a00-4e08-a751-99eb623e70b8,Danny Gill,2024-07-16,87865
4731633a-8fd4-4c08-9f9f-7a693a7fc008,Evan Lewis,2024-01-03,29256
f620e81b-26d6-4303-8beb-96089e3c6e9b,Denise Johnson,2024-02-05,95626
4a9881bd-3468-4efe-967a-18a2d184d519,Dwayne Henderson,2024-08-12,21518
8e35d11a-6a01-4b78-b1c9-f43d4e218942,Daniel Ellis DDS,2024-02-22,87016
4436888d-bf35-4d38-aa58-d6bd922b4df9,Jennifer Shelton,2024-02-10,6048
7c766cf3-a0b2-4c55-8ec7-eaa408898499,James Harding,2024-06-08,29418
8e84461a-9d7b-4c61-a29e-3ca2022da61b,Stephanie Bailey,2024-05-19,78518
cb96561a-4a33-4687-b6eb-b9f7a0f869a4,Chloe Nelson,2024-01-07,45528
4b87589c-a130-483a-b97c-b9ecbba1ec83,Lindsey Colon,2024-09-15,72791
2aecd71f-d3f6-49b3-bc9f-0533089323e8,Derrick Bishop,2024-05-15,92331
6dc99ea3-f2ea-4350-aebf-c05b1f40d26b,Christopher Johnson,2024-07-02,12582
b5fb936a-3a13-48ec-a66b-50e9757bbcbb,Sarah Scott,2024-06-17,99405
ff2038aa-a8bc-44e9-814c-62dfc02e0fe1,Gary Mcguire,2024-09-22,63051
27ae895a-fa6a-4983-bd54-0a2e063812db,April Stokes,2024-08-21,52554
60ccae9d-b824-4051-89e3-55efd75bdda5,Derrick Herrera,2024-01-18,55148
5215a414-9038-4858-ac9b-fc3ce87f28cd,Michaela King,2024-06-24,31740
ef3af674-f01a-422b-bace-d3ff0a5622f4,Brittany Bauer,2024-06-28,35314
630a45d7-7d0c-4566-8053-e27a58a7b12d,Elizabeth Black,2024-09-21,81991
ed857d67-d540-4413-ab90-51c4623ab3c1,Ronald Mills,2024-09-08,94255
8972bb87-2194-431d-b0f0-d2ed878c5ad6,Kevin Huff,2024-04-28,78168
56ca2cb9-66ab-4eaf-b066-ec4b8a0eb345,Danielle Wolf,2024-03-04,50462
ff18486f-43d2-4454-9b13-e3c99b47f8a4,Aimee King,2024-02-04,2937
c6ef88ab-ae1d-4b8a-88d1-e8cdfa2fdb70,Joseph Chan,2024-02-18,85722
b1d3a105-a522-4f87-a7ef-2b4de32fad5c,Bethany Stone,2024-06-13,7850
74f91785-0f40-40f8-9caf-27cb6e329f6d,Patricia Richard,2024-03-27,77482
c6d28e92-a0ea-4026-a54b-b3ce7b6b4ed0,Erik Mitchell,2024-09-03,5939
7905275b-4cec-4a17-bc94-7e2102193fba,Natalie Velazquez,2024-05-12,81374
ada7e70b-8d51-4ecf-ad82-3045b61a410c,Alexander Hill,2024-07-02,909
2d936d2b-5d39-4aed-b0c1-462387ccf02e,Audrey Chavez,2024-04-24,67162
c65b4f08-4603-473e-8dc9-164926f964fd,Tiffany Miller,2024-03-17,57633
168ca5cf-c54d-4062-91a3-c267edf3c557,James Kelly,2024-09-13,52401
d7859286-f9a4-454d-86fd-b743767e5478,Derek Cain,2024-05-09,29564
1bf5c31e-4620-40f5-9bbe-929e4f666821,Frances Alvarez,2024-05-05,93658
47131732-dd87-4cbe-a86a-0fd96a91c1c5,Natalie Hays,2024-06-29,55102
adbdb811-0b98-4168-91f6-fbaff8b4c414,Eric Williams,2024-05-27,55289
ff7c15f7-cf6a-4b27-89d2-b2ec3907e879,Chelsea Short,2024-07-21,19558
8f85eaca-435c-48f5-a359-6f2bd1435ac9,Emily Davis,2024-03-24,58659
4bd88907-d054-4b5c-a6a7-011d9fd7ffdc,Teresa Brown,2024-02-12,89210
76781fd8-ae33-4b90-b61c-3cbcada84ad1,Kayla Grimes,2024-09-20,83086
3a9ae722-7f9a-425b-98de-9a44aed128d6,Erin Scott,2024-01-12,99248
4850e890-3be0-4a75-bedf-a88429bba48d,Nicole Norris,2024-07-24,71556
f1d6dfd6-d424-4b4a-b212-511984618b83,Michael Evans,2024-06-07,12220
6158fb7b-c45c-46ea-8b10-fad37e7d53e9,Christopher Miles,2024-06-26,87191
7717e1bb-cd9e-4630-a6a3-dc24e67217e6,Tasha Santiago,2024-04-01,3174
8cfa7599-d78e-4764-8b60-4d720135c10a,Caroline Ayers,2024-04-02,95634
9805eb11-039c-45b8-8924-140171143376,James Lee,2024-06-11,67046
dd9b5e73-9f82-43e6-b4bc-1a7efb10f5fb,Anthony Valencia,2024-09-14,76245
ba4061e2-4ba6-44c3-8f57-3117e24480fa,Carolyn Moore,2024-09-13,49121
e2cca6a0-494f-4ef4-9c59-f418561d89a1,Michael Gillespie,2024-05-07,40278
378d607f-9a49-4422-9bdc-aefd138a97ac,William Stone,2024-02-09,38365
2d361b6c-33c4-4520-8d8b-d32451a11e14,Amanda Garcia,2024-03-11,8719
a6c36752-ec8d-43ee-bd6a-30c35ce09454,Rebecca Harris,2024-09-21,49457
9f9e5d68-ef5d-4c86-981f-68c853b8d1a5,Erica Perez,2024-03-27,87802
ecdd5408-9f9f-4f73-9935-4e086b7f8eef,Jeremy Ramos,2024-04-02,43026
45dc4445-0cec-4bcc-a232-82d79163dd0b,Angela Santiago,2024-05-11,73512
f166af5f-5a30-4a8e-9263-148ebb26bc67,Rebecca Salazar,2024-07-08,63402
fe228719-6e26-4dec-bfca-a317dc4e18f9,Anna Thompson,2024-02-27,42237
bfc6cfd7-fb01-4653-9adc-75f85ca53b21,Shannon Compton,2024-03-09,22905
3887361b-3b9a-4d43-b5d1-51e571894509,Robert Newman,2024-07-19,26401
32c973a1-6657-4d8f-b96d-c9e760ee4e55,Christopher Reed,2024-02-12,71749
4bd3ed71-dd09-42be-87b6-5ae8183173c1,Maria Rogers,2024-05-14,3918
f5c9b655-4740-42c5-9e16-56e90e882604,Thomas Mcguire,2024-04-26,18984
43400c82-736f-40bc-8591-6eccd2dc1b69,Robert Romero,2024-04-21,36840
05c86b14-c89c-4e13-8937-f04ca2a947cc,Caleb Nguyen,2024-05-30,22618
4e911d4c-4310-42c1-bdbc-b90daa5c608c,Amber Gaines,2024-04-30,94847
de424426-3ddd-4506-a81d-5232b01a8f09,Brittney Garcia,2024-08-30,51903
02e1d0d2-3c5e-4a43-b269-5712dce5810b,Duane Willis DDS,2024-08-06,50085
abe94f27-3893-4bee-be7e-58899d790f7c,Edward Jackson,2024-03-06,51285
81234a67-4d03-48f2-b219-ccb097276d43,Robert Hansen,2024-02-12,27489
bdc773bf-bbf7-4922-a45d-e7b2592f2e79,Jessica Rojas,2024-01-20,38480
d4657330-e8f2-492f-b742-6069ddc9c5f8,Andrew Holder,2024-03-04,78944
7eed9a58-26ea-4c1f-86e5-ffec79fc2c64,Kimberly Bray,2024-06-04,44429
043855e7-eac8-433b-bc7f-3a28c8b710b7,Kristin Hughes,2024-07-19,98132
3dce5ddd-b1af-4446-aa9d-510d21971e50,Anna Newman,2024-03-16,39363
d08fc0c2-c784-4998-9a37-7ac9f2f59b7e,Charles Phillips,2024-07-03,51165
cc819180-e8b7-49a4-b22b-2b6e69db0f98,Troy Donaldson,2024-05-22,97980
9e072602-a132-41b1-90f0-371a6dd69b33,Caleb Griffith,2024-01-13,96530
422a849c-50f1-4fd6-8c4c-4697a2f248af,Patricia Gutierrez,2024-08-01,31473
2ea5c1c8-0e2e-40d9-b444-0bf114e450bf,Cody Ramos,2024-07-06,30058
5bdb5b2e-2f17-4781-8916-6c13ef5a1b7b,Monica Warren,2024-04-26,86571
b3064079-59c1-45d8-b18f-d19ec38b137e,Heather Arellano,2024-02-19,95850
cf5fd7f6-48b2-42c1-9004-4500508c538e,Sydney Keller,2024-08-28,76841
c125a1ac-9eb1-4f7a-b9ba-aba44bb817c1,Nancy Rocha,2024-06-27,45151
0faee500-ed2a-428e-bce4-fb21e6d5abba,Kristen Carlson,2024-05-27,50092
e80bf58d-1cd5-4697-bab0-0b8549bba562,Steve Hawkins,2024-04-09,49501
f2e6c79a-f275-462d-bde9-4e2d42eafc43,Anthony Schmidt,2024-01-19,61920
f61bd198-1647-4a55-a7ec-1fe9e0ee7718,Mackenzie Thompson,2024-01-30,31630
7cce98b5-8a13-4054-b9cf-706e618e6b75,Gary Fox,2024-07-05,30420
1e5b5f25-1cbc-4583-b5c3-8a40f1ad343c,Joseph Clarke,2024-01-16,99312
bdb0f0b7-6b61-44d4-9c14-8c7eccbb7b35,Scott Martinez,2024-01-10,85373
863421bc-b2cf-42fc-8918-aa354ef5a755,Allen Turner,2024-07-18,23158
2368d8e6-2b10-4362-92a2-a17cc3d72173,Marilyn Bowman,2024-04-16,76010
87f60ab6-8253-453b-894a-3faa8d3e3290,Jared Fox,2024-03-20,39875
ed45806c-1df8-4096-b1fa-b9e7e8f69ca5,Michael Smith,2024-05-18,22431
fa6e586a-e707-4099-b32a-7b946d12be91,Danielle Cohen,2024-05-17,49311
a0e4544f-7d60-46cc-963f-285f877f3434,Heidi Allison,2024-07-18,31112
21b38f5a-39d5-4d7f-94e7-8248a6f16074,David Barnett,2024-04-27,44947
0e90e990-c77d-407a-8983-f6d4b041141f,Pamela Garrison,2024-05-27,91495
0700a26a-00db-4860-b32a-25e5abe1c589,Shaun Booker,2024-05-04,99493
5431b13d-2b22-4b7a-9a26-0ffd55720e14,Jonathan Boyd,2024-07-15,36375
ddbd9872-f78f-4201-a6a4-add920060bdc,Justin Kelley,2024-07-11,25817
8aaf9a7b-8ebd-4f38-b7f5-0a861277b914,Michael Hines,2024-09-23,12907
5bfdfd50-8ab9-41a2-bebc-d6b9fa4f1f44,Carol Johnson,2024-09-05,49131
945b58ab-a2c6-497c-8a60-a92ef092e13c,Lisa Beck,2024-01-31,52909
4057f9c3-68c6-48c2-a1c4-02e77c0922cb,Christopher King,2024-08-15,55331
6c48111f-e12f-46ab-8f1e-9fc91cc9db14,Marie Calhoun,2024-08-17,73639
e0fe7769-dcb4-46c8-8e79-5971bbf99950,Taylor Waters,2024-03-04,18805
971f5e6b-bf08-41a3-9308-8e4148d5b605,Brendan Henderson,2024-07-09,49060
c0cd6de4-2b1a-44a5-ac21-6fb050b2f03e,Shelly Hughes,2024-03-19,88131
5745916a-6147-4746-9cb6-207f0cd9b705,Mary Webb,2024-05-14,87954
e4bb7e2a-531e-4e3a-ab7d-c7d27755cf22,Joshua Sharp,2024-07-15,521
a1232a62-eac3-4c32-8dfa-d0c740a75eaf,Debra West,2024-06-26,77722
bfa351e0-29bb-47e7-a4fd-a386df9d2401,Bradley Best,2024-01-19,21855
9e6515d4-f67c-43e3-b3df-357935544c71,Justin Caldwell,2024-04-13,57125
5a7e71a3-56f4-4638-b807-d9e33d25fa4a,Ashley Cummings,2024-07-05,9381
c68b827e-52e6-423b-9ee5-151d8f7cb146,Samantha Jimenez,2024-07-21,49805
0b1ea621-7655-4557-9361-cb712a9f6eaa,Mrs. Christina Fischer,2024-01-27,45551
d0ddc486-1af3-4512-a76e-995bdfd9c192,Michael Berry,2024-07-04,51423
7e082ed0-b9a6-435c-a50b-7a29847341bc,Kevin Meyer,2024-04-19,89927
82b682bd-f51a-469b-b065-fe6a6dad25bc,Deborah Alexander,2024-08-10,90932
cabd1a97-3ecf-42da-ba04-cf857eff6c26,Miranda Campbell,2024-03-10,56537
4cf0c851-b24e-4008-a7b8-e740fadad75f,Kenneth Carr,2024-07-22,1649
44e14e50-e502-410b-a83a-e36a9ddf2305,Eric Stevens,2024-09-15,33206
fa7e293f-5327-40bf-a64a-060b14ac334f,Jordan Robinson,2024-02-13,57389
c5c63f92-cb15-4a2c-814f-506679ea2ff4,Christine Fowler,2024-03-30,97825
36c943a4-4e4d-4393-b605-43f7960b16eb,Marcia Ramsey,2024-05-11,55695
09052096-80d5-4a63-8a81-e51eede133be,Bianca Rogers,2024-05-19,11239
c24d1367-7e84-4c80-860a-91ad99278f36,Jeanne Parks,2024-08-28,26293
551d314f-2688-43ad-ae91-77c0c1eea5cc,Brian Frederick,2024-09-02,67831
aef93021-3d32-47ae-852f-ae6a25b75c29,Cory Clark,2024-09-04,77146
551383ff-18e1-4a04-ba16-b0435a5b5b07,Alex Haynes,2024-04-04,38251
9f024e8e-1692-4188-9286-604d01bb30d0,Caitlyn Harris,2024-04-17,544
22e3502a-2f0c-4aab-90f0-d56a0025c63f,Linda Vargas,2024-02-20,24892
08f0ba76-4e55-47df-b32c-818f6ec28e54,Julie Blair,2024-02-26,30519
3390e184-c578-4089-bfd1-31cb688ebc30,Ashley Miranda,2024-08-25,69595
c1ed6b5d-909b-4b30-a982-29fef818b1e6,Madison Wilson,2024-04-23,68892
846e08c6-9d41-4a4d-a119-49f315ec75e2,Michelle Lindsey,2024-01-05,21862
6ad12297-6f63-45e2-bb00-ecc12026415b,Susan Villarreal,2024-03-19,42635
dbfab7d8-7af4-474e-81d5-2f75a36ed3dd,Derek Salas,2024-05-31,74506
e1c90b0f-cce3-44b3-b63d-7c20ab71695a,Xavier Williams,2024-06-01,32048
ac0fbe6f-5793-4394-aad6-0735f1ddfe63,David Ortiz,2024-08-24,90944
91f8e6c8-2964-4144-902b-579e357a4588,Jesse Foley,2024-08-01,63301
ffa6e274-c7c5-4952-bf63-7d781ce66591,Denise Campbell,2024-06-07,28089
d9e850a7-7204-4e4c-97eb-e7900767ff26,Barbara Harris,2024-03-07,25654
eaddcb93-5a31-4e76-a6bb-9af9ecea6f3d,Tara Matthews,2024-04-19,40318
fcc235aa-8b51-408e-861b-ba20730fd935,Kyle Brown,2024-05-03,61749
d5a2116a-f64c-4035-ac56-6863747d23c3,William Reynolds,2024-02-28,61710
945912ba-df69-41b8-b61f-57e321900406,Joseph Mora,2024-05-25,26629
189af317-3904-4f90-9eed-4bf80981de2f,Rachel Thompson,2024-04-22,32474
cfb6bf32-3aaa-45dc-b17f-80c17c98108f,Shaun Guerrero,2024-06-16,98962
d4cfec95-93a5-4d89-8eaa-a329e6f34b22,Stephen Powers,2024-07-02,34708
d4bd7b28-5d48-4cd8-a91c-cc685cc7c36c,Robin Taylor,2024-06-15,47675
e5f2f43c-efdb-43f2-a036-26fe5d167b23,Vernon Fox,2024-01-31,81311
78d82280-36bc-4ff9-88d5-77a01192725b,Timothy Cabrera,2024-03-28,3344
0431f7a6-fe86-4247-9ed8-e7b4a5a4fae7,Johnathan Flowers,2024-08-24,94998
5c92eee7-d8ab-4fa1-99e9-c868ffffc30f,William Diaz,2024-09-24,29188
e1988f78-cf53-4657-97d7-66f93002da33,Michael Davis,2024-09-18,53712
4a818395-86f9-40aa-9084-1e51058d7bea,Crystal Rogers,2024-02-02,39415
4305ccf3-f608-4d56-a888-8e47aa4f4676,Mitchell Gray,2024-02-07,68676
8a4137f1-51b2-4348-a20a-ea3b10acd593,Joshua Rogers,2024-02-21,479
eb01c894-44d2-4049-b249-09656fb103c6,Timothy Hoffman,2024-04-07,22285
fe5cc1b0-4e8d-4a02-89bc-33a958975030,Joanne Miller,2024-04-21,26713
dae1c55b-437e-44cf-a3fa-cb08875f5bd2,Rebecca Lynch,2024-03-05,60433
74f2b5b0-c1c8-409b-82c2-e6d966b5b024,Cristian Flores,2024-08-06,80389
9bd5f648-2f5b-4804-abdd-792d506d4cc8,Emily Johnson,2024-03-13,80753
8aba65c9-9927-4905-b32a-d58e487603e6,Stacy Jenkins,2024-02-06,19803
d7f6bbf1-333a-4b94-9a47-43baad6684f1,Jose Walker,2024-07-04,40439
53423d23-61e1-4576-93a7-ed208519f17b,Rebecca Carr,2024-02-10,15211
4c0ba947-f0f3-4527-bade-26d65b75e522,Dominique Baker,2024-09-18,90085
a7807574-fff8-4dee-a51a-2303420bf446,Jennifer Rivera,2024-02-02,68499
c2ee7851-a05a-488c-85c7-8168b1441e9d,Cheryl Kirk,2024-09-01,5304
ddcf8d9a-ae70-40a8-bb08-33a59dbe6f80,Diana Ford,2024-02-23,40697
ab6ddc54-53d8-4d77-b460-5dccee39368c,Ryan Baker,2024-01-24,32780
0c3fd10c-491c-4d6b-8ee0-df286626cbde,Jennifer Hernandez MD,2024-07-10,22417
ffb20f96-b346-4ee3-9813-b5cb3d2b2f13,Nicole Sanchez,2024-01-18,33540
6fecc906-d67f-4ce0-b2f5-0d7dec6d3358,Anna Kent,2024-08-08,9650
87645573-6b96-41f9-8859-f6403b3d555c,Kathryn Hunt,2024-06-16,56228
61115f90-de01-4c2c-838e-dfda92b3ab27,Whitney Hernandez,2024-02-07,91790
9f8dac9a-5529-46af-8bd6-b2619dc618e3,Patrick Bradshaw,2024-06-21,89316
b93d421b-9b21-4611-b262-667438306bb3,Deborah Hardin,2024-02-04,81986
ff107386-8664-4fa4-9718-856da53a63ee,Terrance Bennett,2024-07-19,68844
819714db-9f4c-4f23-85c7-f096c9e2574a,Patricia Anderson,2024-05-20,97491
7c060102-d99a-4534-8d28-7edc315603a1,Glenda Conner,2024-03-04,37402
5a4b570a-fbbb-47c1-b203-dcdbd3db9f9a,Richard Hernandez,2024-02-17,30847
0f4f854c-ffd2-4bae-8bdd-5a8ec5b3fdc3,Amber Jackson,2024-09-17,68335
e1336f94-d640-4e1e-accb-a2ab9929bc73,Nicholas Carter,2024-09-11,84294
999f16c5-e196-4acc-beb8-c3944c88b38d,Michael Crane,2024-01-28,77444
af318fc7-6337-414c-aa9f-6740f97d66e7,Jennifer Brooks,2024-06-03,75759
c84f61d5-5737-43fb-b810-9a9fa872cdc1,Melissa Oneal,2024-02-19,80526
09bec6d7-a700-4ae0-8297-fcab94ba6310,Austin Roberts,2024-06-04,93171
6cb94221-b24b-40e7-984f-9f579f867c85,Sean Miller,2024-04-30,97619
ca070e6d-952c-453f-be5a-7f7f72a46eda,Jennifer Lamb,2024-01-18,59183
e53a58ca-714d-4b20-a557-8ad2798c160a,Lisa Bridges MD,2024-08-15,65558
198e332c-0c84-4b44-a8f6-8d8d8cf5c3d2,Megan Fisher,2024-07-24,78379
b0d9db48-b53b-4087-ade7-184dfec54ca4,Tracey Hernandez,2024-03-31,85686
14f15c42-2934-4ea9-9511-f260cddba3c6,Chad Hall,2024-01-15,90567
bdab3cf3-a07d-4269-a48d-60e7bca6e9df,Michelle Graves,2024-08-08,41925
c413c269-d5ab-4c5e-afcb-526329f7993a,Arthur Rogers,2024-04-15,13813
fb1157d1-4c7d-497f-9df0-ef966ecc09ec,Kimberly Bishop,2024-02-26,47410
0403bbd5-6d45-403a-ae70-e11ddf2403e6,Brianna Morgan,2024-06-24,61752
783e3151-f3fb-4df9-8a02-c0cef0a64c5f,Pamela Johnson,2024-08-08,89092
7ae0d311-ea7e-4c7a-8715-d319a829a279,Jessica Hurley,2024-01-26,45276
6eb294cc-af88-40b2-9461-04c1a3ce11f4,Lisa Gordon,2024-06-14,1519
326a1222-a1dc-474c-9177-026ece0dc114,James Hines,2024-09-02,71940
a9a5ee01-49de-4b5b-bf0d-163227d52edf,Carmen Erickson,2024-08-04,47340
22d04a6a-aa73-4c63-ae24-6700406128de,Robert Reeves,2024-03-31,6983
89359d2c-e622-404e-9d76-7c83ef4b6eef,Jennifer Stark,2024-09-14,44499
b4e43e48-a2d3-4baa-9267-c596beb9f4a1,Tiffany Garcia,2024-09-20,53565
039a7fd1-a816-4dcc-83e2-6c9afe77a25c,Michael Oconnor,2024-05-24,28246
065a2a89-064c-43c5-b283-adeed6af963a,Edwin Wiggins,2024-01-18,44972
9271428c-41f5-4f9b-a695-b2483d3a1336,Philip Flores,2024-06-18,37320
4ab55461-f5fc-469f-b05b-02389bbba62e,Cynthia Byrd,2024-08-11,63766
2dc59e0f-c092-44a6-8686-671161879141,Melissa Bell,2024-01-14,3905
430bbe3e-cb1d-4903-9b2a-96899cf83455,Christine Brown,2024-05-14,96262
ee76b086-679b-4d07-b3a5-a56f575a95ae,James Davila,2024-03-21,88536
7f8d25fd-cfb8-41dc-a178-3b4e06330b37,Nicholas Hutchinson,2024-01-18,45307
6a1bacb6-d03b-4fed-a88c-3fb01f5299af,Sylvia Arroyo,2024-01-19,91126
6e11eab7-9a01-4dce-9767-386e6bdb56b7,Robin Brown,2024-04-21,26670
d9cf770c-c2b2-4422-975e-becc295ed445,Nicole Combs,2024-09-09,55571
48426f1d-5956-4905-99a8-94290e5edc68,Leslie Hood,2024-01-28,92281
9d0e9a9e-4980-4598-90e6-c9db39748385,Mary Hughes,2024-06-18,30212
43f703d6-4e11-4762-9d34-b8ae89d4c8f5,Kenneth Johnston,2024-03-10,10465
be901c9d-bc25-4d92-803a-7da160a3d9e1,Daniel Cruz,2024-07-19,90101
cf686722-cda8-4f81-a21c-d0f1f63acbe7,Ryan Garcia,2024-04-20,75273
41b3a643-0d18-4662-b8be-02789cde1365,Alexandria Hurley,2024-01-15,31534
71af216a-7394-4c0e-b75a-0fabf4ebdb49,Erik Reynolds,2024-05-22,64931
d3ee3bfa-0bb2-452c-bd5d-480e42057058,William Gutierrez,2024-06-27,47612
d9861e0a-6a47-4d03-ad31-950dbc05903b,Joshua Wilson,2024-08-31,18259
c3f84eef-14eb-4de7-a32e-df7b5ce2fd04,Michael Ashley,2024-05-12,44324
c48bb51d-e763-4f80-8e9c-07704e44a610,Carrie Miles,2024-01-17,59001
a23ffba1-67e8-49c9-a9c8-e5224df79d86,Andre Lee,2024-08-13,52437
7df093d5-7d75-433e-b79d-ce51a928ae3e,Stephen Tucker,2024-04-12,83315
6480567a-1507-47bd-96c6-88397c5b8b8c,James Contreras,2024-04-02,50793
afa8ef22-a494-4204-9d2b-5c6a5b56b941,Paige Noble,2024-01-18,11176
d955c598-a861-40bc-a8ca-04b75a9cc2ee,James Kane,2024-03-01,84864
5ad7528d-b059-40ca-ae8e-422d01155f33,Gina Davis,2024-07-06,15610
ed451b67-6d10-4d4c-80c1-993d57a511f2,James Ellison,2024-02-19,43529
b7f8f6d2-1517-4357-bd9c-a86cd08d2101,Chloe Brown,2024-05-18,47065
504df320-180c-430f-917b-b545185520de,Megan Cummings,2024-07-08,28485
5eaf2641-fb01-4b76-92b4-1a1de9f1dcaf,David Allen,2024-09-24,90159
3258aa05-320a-4e54-96a9-c4d4f2d44373,Kevin Smith,2024-07-02,8782
330b0ce3-a441-4f97-a059-005dd36cb1c9,Nathan Short,2024-01-02,25643
4792cd40-7c56-4e0b-8747-59f438e64560,Brian Chavez,2024-05-13,67495
4df4fa2e-0021-42e9-9a84-5c295f4f94ee,Logan Fisher,2024-09-22,65187
5ae171a8-f5ea-49e8-99df-3ae9944d0a25,Sherry Stewart,2024-06-07,96416
b7d889bc-845e-4cb5-b4ac-f51bb96cbbbd,Cameron Ferrell,2024-06-17,59586
1d9cb540-3127-41e0-8f3b-73408d6597ae,Patricia Rivas,2024-08-19,83882
4ede3ceb-86af-48f3-9898-3700191c4da0,Regina Davis,2024-07-20,86132
43636ffd-06b1-4d6c-8153-ae7eacd6ec69,Karen Dixon,2024-06-28,4983
48f1f579-d638-419d-9489-81a5c2b970ec,Justin Morgan,2024-02-19,99762
a9055e28-499a-4d58-b02e-698ba4b6f8b2,Joshua Cervantes,2024-06-26,4898
d816a718-a6f4-4d78-881b-134c3846d7cd,Brett Farley,2024-05-16,20375
c04a9e6a-a0cd-4f56-af31-cb6488de42eb,Stacey Gonzalez,2024-06-14,97388
a7bee419-594b-4898-824d-de3ef65e7e40,Michael Oliver,2024-03-06,55975
faff7144-c254-4fe4-9231-b413528d1065,Erika Kidd,2024-09-20,30154
b5824de1-e7aa-4bee-8b97-7195e4fb6527,Alexandra Knight,2024-07-29,9604
561ffb75-03e2-48e3-b840-420ad206a838,Jermaine Evans,2024-09-06,66672
ce7cab8e-6ff7-4ccb-9c7d-b8dae5a4345a,Victoria Campbell,2024-08-30,91358
55a6d3ab-2a45-4b2f-9a1b-18e5d0a31ab6,Casey Ross,2024-01-22,85442
fabcd7d5-dc28-4bf4-baed-19046c99cfed,Amy Moore,2024-03-02,81193
2acaca0b-9a11-4c1e-a8ec-e5f05f75fc6c,Robert Snow,2024-07-02,98885
b6cca722-b70d-48a4-afd3-75a8e1feb340,Tiffany Eaton,2024-07-17,6828
ec926548-ba78-4e6b-a538-1e03d56bd564,Ryan Johnson,2024-04-20,43121
88148f83-2919-41f1-a8a4-4c9fbd2fe45d,Deborah Miller,2024-01-30,56079
64677201-aef5-43e7-bca4-ebc6bbcc84e9,Kenneth Acosta,2024-04-18,87654
4cc79152-d6e3-415b-82cd-d8786a7d31d4,Thomas Garza,2024-02-08,45334
9982bcdb-c29e-493a-82f3-1f9d7e81fc61,Angela Wu,2024-06-03,47819
7593b89e-4128-4fcf-a674-2dbaa36343e0,Terri Vasquez,2024-04-23,25115
66a32c53-3169-40db-b70c-0dee4723cefa,Jennifer Ferguson,2024-08-01,5049
87957d86-34e6-4021-a6ab-6f1644055fbf,Anthony Koch,2024-04-07,75927
6c770320-ba36-4ba6-b5f9-db717e76e1e6,Caitlin Rangel,2024-01-30,52649
f762716c-c431-43b0-9500-fa6075e614ad,Rodney Brown,2024-03-09,71702
4810bb04-d14c-40f7-845f-ca8df0da88b2,Michael Bowen,2024-02-29,1315
b342f8c1-e1fe-4f1e-a28b-3b16fea3427b,Cynthia Kelly,2024-07-18,2541
b370ad2c-f359-41cc-a265-a80d6ab53b26,Stacey Baker,2024-05-05,22597
f50aca78-9338-40b9-a03f-116688006ce2,Gloria Moore,2024-06-28,58833
3083ad4c-5c85-4779-9904-82acb59baea7,Kurt Gardner,2024-09-24,66639
2668a8ea-e9c2-4612-8b79-5fab8779a2eb,Brian Patel,2024-05-30,99368
6dfcd884-c99d-46f8-a652-b1974e056499,Matthew Garcia,2024-04-22,26047
a336a7e3-2017-48ec-9c7b-da3e5db9014d,Daniel Carpenter,2024-07-24,2915
0ed4035a-a761-4291-8fbf-8e79a33655e1,Carolyn Thompson,2024-09-10,61885
b1f7aaa4-db80-4244-89a9-fa07ab747178,Jeremiah Williams,2024-01-29,20911
2f61c27e-a640-403a-a1b1-582c0bc85399,Brianna Davila,2024-04-27,63787
c7a05c80-d1fd-4784-a377-6b844336f30a,Ryan Thomas,2024-03-15,75527
b5a83cf4-3900-442f-b178-670b11f5e847,Cameron Johnson,2024-03-11,44572
92df73be-b6e3-4ba6-8790-bdc80d037b20,Sierra Brown,2024-03-13,79474
ee40d5fd-b9c6-4dd3-b93c-0b0945446b65,Jonathan Carpenter,2024-02-22,54904
f84754fe-e3f2-4bbc-a520-2a6d54b51442,Jeffrey Summers,2024-06-27,49342
67abbe82-87f8-40d7-86d3-25634b072115,Russell Flores,2024-08-03,88370
987a2b0a-369a-4e59-8aea-4faa79e4591a,Laura Yu,2024-03-23,43803
9f8acc5b-3fcd-40c2-92da-97f58c0b27b4,Whitney Massey,2024-01-15,31722
af489de1-5ff0-4022-a944-cfb7396191db,Lee Jenkins,2024-01-03,12814
43f7b186-7d47-4ac7-be79-b5c57a378299,Misty Barber,2024-07-08,82247
29c12351-ffe8-4e54-8a4f-8f06b3f601f9,Scott Bruce,2024-08-29,58361
7984f8e9-d073-436a-981b-c82d277c5154,Emily Martin,2024-04-11,26656
aebdfc3f-91bc-47a2-b13a-ff0e82144889,Laura Sullivan,2024-08-09,41858
0b11b9a0-a609-4bde-8454-db9b95fab847,Shannon Miller MD,2024-09-08,23402
43b78cab-e8e9-4072-bd20-b0196486e9dc,Mr. David Martinez,2024-06-14,71667
6882b3c6-97d0-4b12-87c9-d3e4a34081cb,Carmen Fuentes,2024-07-19,35140
edf3b382-84cc-4ef0-955d-246fd1d558ac,Ricardo Jackson,2024-06-04,37690
78907b20-a934-47c5-bd4f-854f19b325c6,Shannon Hoover,2024-06-08,5893
7efaf57f-1ce9-44ae-8189-44148b09a20f,Russell Thompson,2024-08-29,77701
ac785411-91c9-42b9-b78c-125b57cd7cb1,Michael Griffith,2024-05-05,74900
43b784ed-7889-4ed3-ae74-30cc70380dfb,Gregory Daniels,2024-07-07,42280
982f7b8a-c0a8-4ce7-a521-d4b84d3b59c0,Melinda Harrison,2024-08-28,54828
2c25d784-c5e0-48bb-82bc-111d2ea49305,Terrence Beasley,2024-09-18,88552
46781f6f-aeca-4ced-9947-53bbc514d543,Mrs. Lisa Flores,2024-07-19,71282
7a893d84-d118-46ec-b1f3-0b4e0256ca8b,Megan Chung,2024-06-02,37114
a5458a1b-835d-476a-9482-6ce71471e2a6,Tami Parker,2024-08-24,40324
fc52a1cd-0bc6-4a1b-aaee-99752cf1c157,Joel Wilson,2024-01-28,15038
476b022d-d271-4ff6-82c3-b90957ce7696,Jeffrey Brown,2024-04-16,41134
5081daa9-c9fb-44ed-ba4c-50ae5bbb65f8,Michael Young,2024-01-10,65686
6365ec2d-ae23-4506-844c-1c5fbc7a41a1,Caitlin Garner,2024-07-24,60394
a4388b0f-aff5-459c-8a24-7a514c93bb4f,Kyle Oconnor,2024-05-06,85723
0266ff92-471f-4e06-a649-3e873e972e5b,Erica Allen,2024-05-07,35303
61949d72-2c96-4f17-a215-0ba9c882715f,Jennifer Fields,2024-06-27,31068
1a24be3b-9b09-4392-95cc-0c73bf3b0203,Zachary Price,2024-09-01,97394
9045e625-2518-4a65-bfca-3cb1efdc5816,Victoria Bell,2024-09-17,74944
a1ac8998-957b-4bb7-a3b9-e6c8c0eb421d,Michael Scott,2024-09-10,71795
cb674166-20e7-465a-b53b-c0c6abf976c7,Joseph Perez,2024-03-03,70082
cb8c198d-2d7c-468e-8a70-ec426d26a892,Amanda Payne,2024-03-09,66757
adc3eaa6-a36c-4cf9-b15a-97e322150481,Hector Thompson,2024-06-15,16609
13b7f73b-369f-49c2-b282-4f6e4b2e2855,Victoria Cardenas,2024-08-11,30487
06131bca-d1c5-46f3-8405-679bbe255945,Kathryn Hernandez,2024-03-12,41652
de30fe95-5625-4c11-a308-ea437b1efbd9,Marissa Walters DDS,2024-08-20,61689
9a96407d-b444-43a0-aa0e-ee434c122f4b,Brittany Jones,2024-01-18,65421
83cd3676-4597-44ba-b52f-149efef4ad4d,Kelly Edwards,2024-08-02,33664
9b273c55-c51a-4c4f-9221-2139832681b5,Patricia Brown,2024-02-29,38725
e4bb0408-841a-427c-80df-fe0b7d1dd50d,Anita Irwin,2024-08-20,81098
9f3d2b39-2178-4dd6-b66e-72e064b66db6,Mark Burgess,2024-03-16,56492
bc4e6f30-8f5f-437b-811e-67f61943bdc3,Elizabeth Jenkins,2024-01-01,50965
c97f40fd-620c-4804-9526-a465f427657d,Stacy Turner,2024-01-08,33722
b297fd28-ead0-4f5b-bbe3-bf48fef11437,Kristin Wilson,2024-03-19,91289
5ff33ac9-94b9-47e1-97a6-f167a56dbe6a,Mary Jones,2024-04-25,15730
7b6816dd-c698-492a-ab6f-9e0b6107007e,Laurie Newton,2024-08-22,97712
ca8629d2-9be2-4360-9521-7dfbb55f646b,Amy Cannon,2024-05-12,55522
5184c21d-3f73-431a-8a85-e55f06bfb41a,Jessica David,2024-09-22,58080
a5f7dd6b-2a7d-48e6-9e6e-89e32c1adaea,Courtney Williams,2024-03-24,84007
d68ee87e-8d26-4a51-8b91-63692852b932,Erika Schmidt,2024-03-08,38156
5da3ce71-37e8-4090-bb46-4a2c3dc37e94,Michelle Reed,2024-01-09,34928
1d5f0a31-3e55-413b-9557-3d4a330032ac,Emily Schwartz,2024-07-04,11207
f60e1c74-5202-4fbb-94dc-1e568393db3d,Kenneth Henson,2024-05-04,27938
d6431ab1-bf7f-4d4e-8298-97ac16252e71,Tracey Martinez,2024-03-15,60164
498ee0eb-0e37-4a6c-9e50-35ff361f02bb,Angel Gordon,2024-03-08,37505
928739ea-e581-4bec-8dac-deb0866c5433,Kimberly Owen,2024-03-22,88084
302bea92-df6f-4ba6-bc78-8fa708fc3426,Brian Ellis,2024-08-16,20152
d88ae224-5e65-47ca-86b7-5c61b26ecc29,Jacob Abbott,2024-08-14,74288
0cbda0d8-ab3a-4601-a066-621206d84f88,Pamela Price,2024-01-10,70117
508bb4c8-0de3-41c0-8a32-b22b46b9a902,Rachel Daniels,2024-07-22,15860
a191d9aa-517e-4b0a-bf1e-0f23259e94e4,James Eaton,2024-05-13,50541
c5058d92-aa47-40c6-bb78-249d7fa6abaf,Andre Humphrey,2024-09-20,55505
ef15d87b-9dab-40dd-a367-b99480aa7493,Katie Armstrong,2024-06-13,63340
baf00be6-47c4-4bed-91e5-c70f4d5715f7,Mathew Chandler,2024-06-13,53778
0dbdcf7d-e226-4652-8bdc-84780e072987,Glenn Mcdaniel,2024-06-14,82310
fa147100-0530-4cc0-80e5-3f41b10d02ae,Aaron Gilbert,2024-01-01,46340
fa5377f6-8193-44e1-bc87-a9fb85eb866c,Laura Dorsey,2024-08-09,98843
06d9dae5-ceb4-4c35-89c8-94f285ad70f4,David Curry,2024-03-16,70728
dca21fef-73f2-476c-af1d-19344857a12e,Jennifer Gordon,2024-04-09,15521
3b969b2c-5c9e-471f-8a84-6dd416027013,Anthony Vargas,2024-03-07,16488
e7052668-8b64-4bc3-9efe-176088e3aa59,Lisa Peterson,2024-01-11,92347
14ef371f-c955-4c61-adcd-5614f74b2372,Melanie Carter,2024-06-03,90595
788c4151-d62a-4ce4-aeeb-bc816b9e1c5a,Anna Wallace,2024-01-20,46148
aa2b42cb-888d-495e-951a-b1e68b77be49,Nicholas King,2024-06-25,37513
d3e76047-2716-42cc-b4d9-c32f1a9dfa0a,Taylor Mitchell,2024-05-14,89921
46aa6398-0283-41dd-b193-cd6a73d01577,Beth Miller,2024-05-10,95706
84752c03-e428-4f46-b391-0abb8a22d268,Angel Watkins,2024-02-07,96453
ba1c68cb-45e9-4de2-bbf8-0d2e1830fc3d,Jim Coffey,2024-04-15,31658
334d261c-1487-41f9-b62a-7e59ec2d0425,Jeanette Potter,2024-02-12,17631
c95e2d9d-c299-4c59-9dcd-7e68ac3c9723,Robert Bryant,2024-01-21,34620
c205119f-547f-4b95-b39e-ae8b11be9c8b,John Martin,2024-01-05,95255
d7ff48d5-1e62-419d-92a8-68fbcda5d6f2,Christine Guerrero,2024-08-27,41982
a342cd1b-cc70-41d1-b4b7-e775586681cd,Justin Smith,2024-03-04,2861
ffc35114-9c3d-4500-8bde-7ebd05377c68,Frank Fuller,2024-07-18,26886
b9852609-29df-43d5-80fd-4401b498d73d,Jo Rios,2024-06-27,80965
ba136e9c-9267-4bd2-b717-f8685f0ce084,Jillian Brooks,2024-09-23,51242
e6ca822e-9599-4e1a-9166-f1187382766e,Tonya Rivera,2024-05-23,43746
8b591104-88f8-4f66-818c-5cb5bd1d29f7,Tyler Flynn,2024-04-04,63459
fbd48255-9ea7-4d92-aeba-a8c5063f2d29,Justin Mason,2024-03-05,82857
1d04abe2-a708-4881-b702-7c6f8f2b3221,Karen Wood,2024-05-09,20200
5d11ba68-2927-4fe3-b896-49bccd6cd467,Trevor Jones,2024-07-10,39159
438f3a04-11ac-49bb-bd68-ee4a1c8d6252,Stephanie Gonzales,2024-03-05,87820
ef2ca3a8-ce7d-4446-afbf-12c2e730f733,Joshua Key,2024-09-06,64095
f507e9e5-bb6c-4a8a-a58a-d97abea41485,Jose Odonnell,2024-01-03,52030
e1e8e118-68d4-4045-9340-46462885cc94,Danielle Brady,2024-03-14,53917
cba83769-0f42-474d-87e8-3dddfaa5f189,Marcus Golden,2024-05-01,18250
0f8bacc4-bb94-4955-8880-6b3ff8fccfa8,Robert Rivera,2024-07-23,3167
43f2f455-38d3-42d5-8ed0-b2e5cfb46f3e,Kristopher Flores,2024-04-06,79937
cdd685cc-00bc-4e18-9320-97dce50a0fe1,Rebekah Hill,2024-07-01,20345
435adcde-fffe-4b39-88ad-639bc54843f3,Kayla Park,2024-08-08,96771
6e9403b9-50d4-4295-9088-b41df0739d75,Brandon Torres,2024-09-24,90681
a545161c-7bdf-4e2d-bb0d-bd17aa68c016,Lawrence Spencer,2024-04-14,70126
224e322b-2808-4950-a834-34a6f1cbe5e5,Robert Brady,2024-07-03,31559
c9b945ca-dffe-445e-b27a-920255e51545,Jesse Stein,2024-05-20,98922
1ecf80b3-6c4b-49f8-b014-af4a4ca402db,James Rhodes,2024-09-08,45215
30618dde-26b5-42e2-885a-73e965271b7c,Leslie Roberts,2024-04-21,89756
4c5df9d9-71b6-448c-a05c-831d1cf555e8,Robert Patterson,2024-08-24,84030
914dc97f-f254-474c-8287-f469476fe819,Amy Henry,2024-06-23,76066
8ef95cc2-bad5-4eca-8293-29c00bb6635e,Bruce Rivera,2024-08-15,82810
8f37a4eb-d44c-43b6-ba63-9de5ad6b4020,Ronald Johnson,2024-08-20,6430
067ed4b8-2848-4013-a747-8a70eef8a9f0,Christian Williams DDS,2024-04-10,5598
b1836abb-b47d-4d56-b03e-e32745d75598,John Watkins,2024-03-30,98516
b794090e-6494-4382-b3eb-4d6e5f5b475c,James Ruiz,2024-01-03,5183
ac0462c9-0f0b-40c0-80c9-2f920c9bcf11,Lindsay Singh,2024-08-25,2939
0099adff-8e6a-4532-9613-803268b226f3,John Meyer,2024-02-16,95561
f9bd3662-fe10-4fe8-b578-87f19c25aa97,Lauren Johnson,2024-08-14,33366
5710a548-54da-473e-983c-e7379e3774a9,Brittany Boyd,2024-07-29,19527
e09d40c6-9b84-4012-bdd3-ef773e36b8e0,Christian Allen,2024-08-14,59722
d46864cd-3324-489d-98b3-d2109ab5d4cb,Angela Smith,2024-09-03,55329
7512ba84-dd96-4fe7-a6e4-acfc0560ad08,Leroy Jenkins III,2024-09-05,47210
02a74c05-87e8-4fdb-9124-04f9c3d81596,Carlos Wood,2024-08-14,88914
3b697f32-cf34-44e2-8785-598b57895ee2,Andre Owens,2024-04-15,94253
81f1103f-286d-459e-a474-5493babac46e,Elizabeth Arnold,2024-09-19,8319
57212e0e-139a-467d-a82b-4b0b8cf1bf6b,Margaret Stephens,2024-02-16,88748
faf93f4a-0d46-4503-a625-7d430df5135f,Sandra Hill,2024-04-25,23094
a91ea571-052e-4f24-98bd-98e0c3c29df2,Melissa Rasmussen,2024-05-10,8351
1b473728-4b29-4a77-b6e5-3e7e01007c63,Andrea Rich,2024-08-09,58657
4ed4f003-5b63-4024-8002-18d735d21a8e,Kathy Garza,2024-06-29,19303
f4491379-8f8f-40cf-8f15-7bcb58bbf967,Albert Carroll,2024-07-03,5014
1b80ef36-2cc1-473d-b5a4-847489f132e8,Dustin Reyes,2024-04-12,93075
9a1d8ba7-967a-4a9c-89e1-6457d4ba421c,Robert Harris,2024-03-23,75614
0f2b3a65-0e42-46a2-b71a-b662ecd2be9a,Gary Hernandez,2024-07-18,71577
1172551c-ff39-440d-8595-0fe021af15c0,Matthew Parrish,2024-05-02,54312
61171be8-a4ed-40f1-9a67-c4123de53bbf,Erik Juarez,2024-04-09,28425
82d569cb-4b9e-4f9f-b4f9-326d7b9b16e5,Edward King,2024-02-01,45042
cf510527-f7f0-410e-8719-f31ed72aba06,Taylor Summers,2024-09-19,6538
13f40aad-d6d6-4c8e-a56c-ef28fbaa0ce6,Scott Yang,2024-05-19,84093
637659e5-5936-4344-9123-a5dee80372ab,Jeffrey Sims,2024-02-20,91384
ec9ad7b0-077e-42e6-89e8-4568318d9aeb,Margaret Knight,2024-04-18,347
21074a04-14ff-413d-a5cf-e0ecd7c9b3ae,Christopher Carr,2024-02-11,9928
39aa2474-62ce-481f-9372-45231cb94af7,Cameron Taylor,2024-07-04,67327
d46eddad-4821-4698-ae15-782a1edab6c2,Sara Brown,2024-02-04,95412
97c7dedf-f962-495d-ad31-c6b5089a337f,Ralph Morris,2024-06-24,19188
8894884f-d922-4462-bfdf-98a787edbf8c,Erin Meadows,2024-07-23,35290
5921c562-94de-4f14-bdcb-a49b79a05c0d,Ricky Neal,2024-02-28,76844
9d38403d-0de9-47ae-b234-013990f62ede,Matthew Green,2024-05-14,22158
5bf3531f-d1e3-4385-bfbb-de999685c29e,Nathan Brown,2024-05-10,63702
790c1fa0-ae85-4a73-a80a-ff05219ee4b5,Carrie Rivera,2024-07-26,60100
0d949def-af67-435b-96ca-ce796b9f1e81,Anna Ellis,2024-01-05,16030
7aee05b4-3148-4c2b-8f90-e521ed7fba52,Rebecca Olson,2024-03-29,34953
ed010768-1e5a-48cf-9b59-aaf3f4bd00db,Kevin Bowman,2024-06-01,87580
97299b93-f6de-4cd3-b02f-728cb26cc3ae,Diana Shea,2024-08-13,35363
5049d59f-664f-47d4-b349-e389fe94a1dd,Heidi Brewer,2024-03-18,91640
b1205ca5-441f-451e-949f-5bc695573769,Felicia Frederick,2024-06-14,52069
8fa32ce8-2c22-4316-932d-3cc388c60efb,Richard Jones,2024-04-20,25506
56fa3c6e-1bab-4be7-a460-27fb6033e9fa,William Cook,2024-04-18,32859
9a1cfd7c-bee0-403a-9f5e-9f2e24463a29,Cory Melton,2024-07-25,42963
519271e9-f550-499d-8dbb-535fad15921b,Stephanie Martinez,2024-04-03,16072
32e0cb6c-ee9d-4333-bd52-01e1d8e6ae9e,Logan Harris,2024-03-31,39051
309d5b99-7341-4a15-b55e-a94e7de91575,Paul Brock,2024-03-19,25352
ca600fef-18dc-480a-9163-2eae3dd21a62,Terry Thomas,2024-07-07,39926
83a1c292-109a-452b-8228-e91206fb7524,Jessica Willis,2024-06-03,70115
9c29824a-bea4-44ee-944a-1efba8776242,Eric Liu,2024-06-30,27665
73b18010-d269-4faf-a39f-24288baa106e,Virginia Brown,2024-04-08,25965
5eff9308-40ea-47fc-8012-9ef99f29f0ea,Anthony Lynch,2024-03-13,52277
52b7ddfb-8d63-4157-9ae1-d57d1f953f43,Louis Schneider,2024-07-20,34072
a7469783-0f86-4871-b440-3c94565ea73f,Matthew Weiss,2024-02-01,50307
5f5a821d-0627-472c-8dc0-ffb5c24f4b3c,Noah Smith,2024-05-09,2416
96e79112-d96c-45a0-9c14-6b8666a7593a,Kimberly Wilson,2024-07-21,78298
c8a2aba5-737c-433a-97a7-91a2731b368e,David Rocha,2024-04-10,53586
4cccab2b-0e7f-4057-b973-e166557a865f,William Harris,2024-05-16,13425
de64df51-96a3-43b8-96ba-2169638d2fad,Joseph Myers,2024-08-04,19354
a1cc08d4-522b-46c8-afba-b7a3fbcd354c,Jessica Adams,2024-04-02,37657
fceae8d8-7f02-4474-b042-1077867f2ad2,Eric Lara,2024-09-16,47709
29c96749-f190-4c96-82d7-22dae771d38f,Allen Morse,2024-06-01,81970
a3ed8c17-0c3d-46b4-a618-06056f9e57b1,Courtney Edwards,2024-08-24,47588
09be6ffd-47b5-4d01-b900-6f7e134aa9f0,Sharon Quinn,2024-05-09,65252
c0898729-7360-4106-84aa-923efecb8f9e,Sarah Turner,2024-01-02,11193
3a78dec1-69a4-49cc-9f92-3a0b693b9533,James Ray,2024-03-15,61053
284a7ab0-274e-4eea-b19f-fd25f559177e,Mr. James Carter,2024-03-21,39737
1cdc2f23-b192-43ab-a2cd-9811a0177168,John Jones,2024-05-08,48713
24d12d00-aeb7-4055-a2d4-3c0ee11cba47,Angela Hubbard,2024-04-12,20437
96a94b66-003e-4d3b-98a1-bede45be5f36,Stephanie Lester,2024-01-18,85945
4d9bb865-cc03-4220-aaa1-b4bd020177c7,Haley Greene,2024-07-28,85654
320f7319-7d54-45b0-8338-1a2a013f79f9,Richard Sosa,2024-04-18,10562
22944f24-97db-47a4-93a8-b0f2d72d5e1f,Amber Berry,2024-07-21,73870
56ed6fa4-7a51-4614-86cf-9f064dbb0cb7,Suzanne Bruce,2024-05-07,52178
c34ce736-200f-4c5d-aeca-4e18e409f88b,Angela Leonard,2024-01-11,82363
dbcf1397-6707-4505-a813-20eea430aa32,Victor Wood,2024-07-10,80491
5a417d79-47f3-499e-8740-84286daa98c1,Virginia Rosario,2024-02-19,50372
7ae121b4-564a-4fd1-9b47-76dae09e9828,David Williams,2024-03-30,27783
37f0add7-5feb-4e48-87a2-dc5c496d7408,Gabriel Anderson,2024-06-10,68841
0fcc4487-ba29-4a5c-a7f4-f617ab097f33,Joel Boone,2024-08-10,66146
09354758-29ac-4b70-88d0-042077cbd762,Brandon Brown Jr.,2024-01-17,41455
aeee9ddf-fb5a-47a0-8f11-48094e17748b,Jennifer Bradley,2024-01-12,58549
e9668288-8b93-4c28-b6a7-e3ade2309580,Dean Robertson,2024-08-27,77807
f9d6eaa5-b4e6-4487-a953-3492c3a97741,Dr. Charlene Johnson,2024-06-02,64207
84c9f435-e645-4b5e-b3e0-dd02b8493075,Alexis Pittman,2024-06-24,26934
9f88c3be-6f39-42a9-a646-3c8242277ab0,April Cole,2024-01-13,70941
606f21b4-6c1d-49af-85c4-a80af05c6d36,Tara Ryan,2024-07-15,95426
0ef4e007-2465-4de0-843f-e382045a28c8,Corey Patterson,2024-01-12,92572
e9c6d90c-8951-41f4-a3a9-ff8f45e06cf9,James Conrad,2024-05-18,791
a8575ab0-d6ad-43a1-ad8c-417b2f455bb5,Sara Cruz,2024-05-11,94297
a28d00ce-690c-499e-a52e-2c1c60239249,Shannon Martinez,2024-03-11,11132
fdc8fe4e-5895-4d04-b9bf-e2c1f49b931d,Andrew Benton,2024-05-03,90838
c33f7030-b3d3-4c99-bccd-c2743a3b34c3,Angel Jimenez,2024-04-12,86825
d7a1db63-e499-4ae5-96fe-8bf316193134,Gabrielle Sparks,2024-03-08,78263
29a499b9-5b65-45c2-a28c-3464feb2ef0f,Scott Bauer,2024-07-25,39943
44b066a8-1fcb-4490-b909-3e7b36c4e38f,Kevin Morse,2024-09-01,19135
17480839-3e6d-448f-8ccb-a534d76de185,Jonathan Duncan,2024-04-13,10426
f5d84368-e7f0-451c-9709-7822e8e75d2d,Sean Garner,2024-03-04,87075
be51e12e-2d32-4a29-bf64-6ac8ae3ac4e2,Gregory Johnson,2024-06-05,62877
66b5764c-b9f4-45a8-9b1c-6dfd07c79647,Ronald Powell,2024-06-02,86017
6c2688c8-66a8-49d2-9ebe-4cc43fae48f4,Travis Morrison,2024-07-04,10348
e1a9559b-a489-4094-90a1-020fc4d59988,Melissa Moore,2024-03-12,15725
a173f91b-31ea-4612-a3d8-e53e0a826586,Robert Villa,2024-03-19,2712
05e05fcd-3d8b-44f2-9ffe-3e9981ff485d,Jessica Morgan,2024-08-17,65806
47124342-863b-4319-bfa7-1c76c71ad398,Leslie Hess,2024-06-21,99372
8d24c0c7-22f9-43d2-aaaa-fdbc832278b6,Kenneth Snow,2024-07-31,64346
fefd4cf1-0c8a-4506-8849-f15b8f5a714d,Daniel Chapman,2024-03-24,57887
281b8659-1f86-4cdd-9e33-3a5d5eafacaa,Yolanda Oliver,2024-08-18,77216
5f126c20-3959-492a-a659-a9963f666298,Melissa Lawrence,2024-05-15,57613
f2f5631a-404c-4574-9723-8cc56ce1ca59,Amy Mckinney,2024-02-11,42099
1c90c9d6-b1db-4e04-99ea-c626d2b47669,Christopher Dominguez,2024-08-27,80467
855a1fcc-de77-42bc-b2ef-1e9f252a4836,Kerri Jordan,2024-01-04,3730
524717e0-75a4-4366-bda7-208e8b511cad,Mario Davis,2024-07-06,69602
53f2f5e4-7095-4775-81a0-8f8006a24505,Jennifer Kline,2024-07-29,53654
40e72969-a3ad-45a8-a6ca-30609d41d250,James Cunningham,2024-08-27,77053
007635a1-e0e3-4680-bff2-1192f83bad94,Alyssa Simmons,2024-07-05,44260
feb516bf-e35b-4c11-a362-da6441303b18,Alicia Young,2024-06-05,43363
3ffba1ac-c3fc-40c2-9703-f3b0589f1c45,Suzanne Morton,2024-05-12,48412
9090fd4b-5248-4c30-b9cb-9e3701e79b11,Sean Turner,2024-03-01,16420
407cec65-9290-4347-b120-1bd50a126ea1,David Lucas,2024-01-05,96621
1d09b430-8aa9-4d1e-85d0-f29dc4c035e6,Samuel Gonzales,2024-09-10,70358
8e992e84-9a44-453d-8f10-353f7d43f16d,Joseph Harrison,2024-01-17,80402
e71d669d-8dba-491d-ac30-565f84ad11c0,Michael Hall,2024-08-19,62745
2c99e446-2305-4d6c-b214-b130a4f19048,Michael Jackson,2024-08-30,1034
60b2a4c6-9cf1-493d-b82a-bb87be9f8d6d,Nathan West,2024-08-16,37929
ffa6a662-3a3f-4dd7-b119-6ad159a606b7,Zachary Kelly,2024-08-24,78113
02232e02-0074-45ea-a0f6-2887be94b1f6,Rebecca Clements,2024-01-29,85653
2147aecd-a0cc-4a4d-9cb9-3716921de044,Mary Banks,2024-02-23,41045
220f7790-789a-45b0-b52a-fd839e22b6fa,Anthony Daniel,2024-07-12,56364
7a967b6d-01f1-4a7a-858f-0ec696b3a354,Jacob Ruiz,2024-09-01,12311
bfe551a3-f535-4a3b-8a0b-f8aecc6e8645,Jeffrey Turner,2024-04-02,78894
dc45641a-0c2b-47f6-baba-e32d84f090aa,Alejandro Arias,2024-09-08,95486
dfbe5f93-b198-42da-b85c-37fb16636e65,Sharon Ellis,2024-05-18,21743
a743926e-a475-482b-8737-76b31bbfec9b,Cody Farrell,2024-01-17,37199
4c3ddaaa-315a-4aa0-a8aa-1a811f58a61c,Fernando Johnson,2024-04-22,14914
63cfccdd-ca1c-465d-a46e-7a4c59ee1619,Ian Cohen,2024-01-18,94929
669c3d2d-0a51-43fb-a8b3-8092ee8db845,Ashley Cooper,2024-07-11,72915
ffe8222d-52bb-458a-8fc0-53d33d15059a,Valerie Manning,2024-05-12,64384
9b8463af-fd52-4b31-93f9-47cf4721b09f,Andrew Williams,2024-01-25,39688
569abded-3ddf-4cfc-99f2-422122a08fe3,Brian Tate,2024-02-12,12682
942428ff-b920-45c5-ab0d-1d4d3007262f,Amy Robinson,2024-01-01,67057
8424af69-5239-43dc-a04c-3007d25dc9e7,Sandra Sims,2024-02-18,96288
3bd5f720-3c97-4d7d-8907-30c5bfab1368,Diana Gardner,2024-01-18,5915
b5f285ad-e8b5-4fc5-955f-64afb26a1577,Jose Brennan,2024-02-24,86372
4ed2c73e-d1da-4c63-836e-18cf9c3bbc20,Carolyn Reese,2024-01-01,31408
2b2d02f8-4fc0-4498-af09-754bd44e30aa,Susan Gamble,2024-08-07,84225
c39a1b97-183d-4131-b47d-bfcc2ab1d7b3,Adam Nelson,2024-02-19,68333
3d0ad86a-e0dd-4693-8ce9-d11263cac88b,Michael Vaughn,2024-07-09,67033
17eb56d4-49a1-4237-be8c-e0e5b2f07064,Billy Sandoval,2024-05-11,76008
fbf35366-ccc5-4260-b305-f5d5d381cca2,Erin Holt,2024-01-25,78025
d695991f-b23c-4d92-a485-f34e2faa8a8b,Amanda Smith,2024-04-21,9175
c2a737aa-8ecf-42dd-844a-67f672d13888,Shelby White,2024-05-29,55157
03ef594b-60c2-45a7-9643-39a95385b026,Derek Jones,2024-06-24,3089
ea2a33e1-779e-435f-9df4-44604e77d942,Trevor Cohen,2024-05-10,38223
907743b4-a2e5-410a-b5ee-09ff4c3ba433,Andre Bowman,2024-02-29,54269
d26568f4-b3f3-48f3-b7ac-7554b03c84d4,Nicole Robertson,2024-04-21,29284
21879198-5d9d-4c62-8ca1-f9fceedd5214,Jill Sparks,2024-04-06,5075
f9903596-22f3-4c98-a205-ebadf5fd0406,Mrs. Jennifer Lee DVM,2024-07-11,87917
f400bab4-1e64-4f2e-9ca8-87aaa05e6aa7,Katherine Hodges MD,2024-01-14,32210
40c28fad-6f75-4695-ba90-308119f2d728,Stephanie Williamson,2024-07-21,75548
9f392523-c90b-4d8e-a505-5d6889ffcbd8,Tara Long,2024-08-11,36316
16b41ffb-29c4-4095-84bc-1492ec43df91,Lisa Thornton,2024-04-20,34159
2021c56a-39a2-4b4f-90e0-fb9504e1f5cc,Maria Decker,2024-07-22,58192
38ee85f3-f80d-421b-aafb-ee8363702284,Amber Hall,2024-09-14,71239
25b9214f-c287-4c0a-aad2-1696983c4222,Emily Andrews,2024-08-03,22423
8d79dc9d-4db2-4069-915c-dda9979707eb,Mark Harper,2024-01-12,96254
7f9908fa-ee16-4841-9c4d-67f94b298e4e,Mrs. Michaela Lopez,2024-09-10,48396
fd216835-0fd9-40fe-8a33-021e900fb3f3,Jason Scott,2024-08-03,84569
569b3d0e-cdad-42a3-9d13-2c9259652f93,Joel Williams,2024-06-24,34548
73bf2f3f-87df-4373-a098-ea7e992b0cc7,Jessica Rojas,2024-08-26,61507
c7be430b-0ddd-4e34-9cb1-620200d96b3c,Kenneth Bird,2024-09-10,44104
78fe20ef-5406-46ed-9af3-1b69c88c733f,Larry Reed,2024-03-03,59091
53b948a3-2ef9-4f69-922f-703c24171ea5,James Freeman,2024-01-03,13182
cd2f127e-250e-4b88-89b4-c9ab82d350df,Ashley Pierce,2024-03-27,73187
9c4daf27-7c1a-410a-86a6-aac4fb1dec65,Melanie Jones,2024-08-26,48514
5391d322-cc2e-478d-a801-02ca51bdf761,Mike Porter,2024-04-09,7368
fadf9ea0-025e-447b-9723-0b07fc540444,Tara Bush,2024-09-07,53513
2c45d3ca-753c-4702-b077-e45c5a6dcb52,Jennifer Howe,2024-05-19,83596
34f925d3-11ca-4ba0-8a65-be859f07211f,Christina Christian,2024-01-02,71077
ac9deb8f-f4e1-414a-a9b8-8d0993e23e52,Derrick Dillon,2024-08-21,16538
8cd6bff2-c721-477d-8389-0ac23ac7e306,Jeffrey Miller,2024-04-02,11406
15f016c5-9f30-48ed-a5fa-caa384150ec8,Antonio Nelson,2024-02-18,23317
e669802c-4c3b-4fae-9117-a0d5f029c392,Maria Lewis,2024-03-04,68394
d74a21e2-e8ae-4167-bdaa-23cb262d9147,Jason Jackson,2024-09-07,91575
8764090e-ab28-40c4-a277-b1e281c2d85f,David Franco,2024-07-06,83158
b3ad8da1-801f-4b03-aea2-aafc5b3b91f2,Jason Baldwin,2024-02-06,94672
94205d6d-8721-4cfc-a4a0-82bbb55b4012,Victoria Humphrey,2024-01-29,84803
4269bcbd-a605-46ce-8d27-2ca7786c4983,Elizabeth Douglas,2024-08-25,55258
5bd3361f-da02-4fbb-94f2-feaab997a03c,James Roberts,2024-08-06,55420
4fb6bb70-f628-4a8e-9043-b95b25f370a2,Tina Knight,2024-05-07,16607
235e32ae-a2ad-4b24-aecc-1ba5b74caca7,Bryan King,2024-05-26,78244
19e8a7de-d9a5-4009-9084-235fd91d23c9,Joan Rivera,2024-04-22,16711
e0ec5827-51fc-495f-9994-bec34dbf3a1a,Rick Brown,2024-03-07,6703
349bc86a-6689-4e75-9f6d-c01186b3b109,Nicholas Dyer,2024-07-12,84803
89da0554-f24a-4a29-b2da-d16969b33185,Pamela Patterson,2024-08-23,91780
8019f61a-be26-4e08-ba01-e94ffeac22be,Willie Fernandez,2024-06-18,67055
8f01fa42-cf3b-4ab3-afd3-a37ac5900f40,Lance Martinez,2024-02-02,34850
3a1ea3c5-88e8-4d05-8779-8e9599064882,Kristina Weber,2024-06-26,29084
a99b9631-7478-46df-b777-a549391619e0,Christopher Cabrera,2024-07-20,44602
bb184b4d-651a-44e7-bc22-4f58692e60f3,Susan Soto,2024-04-05,31210
f48be39f-308a-4775-bf92-7561f1992c8f,Jennifer Sims,2024-02-06,22089
c67e45a8-a9af-480b-a6b3-60f3d0683614,Michelle Hall,2024-03-21,9221
3a0a49df-ad99-4043-86fe-09bcc31a1003,Victoria Mckenzie,2024-01-03,52116
bb5b6062-af62-469b-afc3-9bd9a9a4ed08,Arthur Black,2024-04-23,67586
139b1c98-e9a6-40fc-b596-c74e07f3eb18,Erin Simpson,2024-04-23,13502
b4723855-bfdf-4e79-ac90-6718960b8f70,Tara Santos,2024-05-15,61958
12062670-1834-48e9-a659-2d540bbe9915,John Garcia,2024-06-15,59082
616089b7-00b8-4646-a488-5a5c0c947e3d,Jasmine Mcintyre,2024-09-23,52525
323ad91d-eb94-4984-8bbf-cb46e3bc2be0,Tammy Gillespie,2024-04-20,86416
94a31be0-c4aa-4333-9d9f-cb3800526def,Tammy Ellis,2024-01-11,20289
3c9c1c93-92d0-42b3-af0c-cf69c0072c3e,Yvonne Wade,2024-05-23,49671
71a4e4df-e95b-4a23-92a0-456fef09f48e,Andrea Hernandez,2024-05-17,57588
34d04d57-7a20-4a2a-ae46-d12c4c105417,Kevin Medina,2024-06-07,27814
2472fa42-58c7-47c4-b43a-87efdaee4f72,Ethan Mason,2024-01-08,82914
badfa418-bd37-4592-a906-316dfbb1ee63,Douglas Williams,2024-02-02,2062
5fc9e709-d718-4ea8-b3b1-5dfae5ceee95,Taylor Miles,2024-05-17,24543
c3b6cdea-447f-4df3-ad6b-7ec827fddd60,Ryan Howard,2024-08-04,36259
39c40c12-9b04-4b38-9b08-90beb2b7c073,Brooke Jones,2024-08-15,51448
b0aec6ce-8753-40f4-99be-12969a45a164,Mary Bradley,2024-05-13,18059
7d2b214d-4818-4d2d-9b7b-e48f313daefd,Christopher Wolf,2024-07-27,26168
0216de56-0b4d-4717-8145-4a6fec03ebb7,Michelle Garza,2024-06-15,82488
b5399254-73e0-4936-9164-2060ef67a585,Matthew Hayden,2024-08-13,1215
62a951d8-47b4-4eff-b2b9-e8779e634e47,Anthony Grimes,2024-09-18,41500
e3a1ee18-a9f8-4c68-b683-550aa073a027,Jessica Noble DDS,2024-02-13,17482
6634332b-4dd3-4e5a-b504-b7b5afaae8ac,Stephanie Robinson,2024-03-29,27838
90fd1198-9fe4-4937-8fba-64f58214eaa8,John Morgan,2024-01-05,81415
6ca9a17b-fa80-4831-974e-ffc73cf7372f,Renee Mills,2024-05-11,2174
c335b13b-7557-44fc-ab6c-a3aa0a1643d9,Shelby Spears,2024-03-16,12688
c2f329f9-0884-4f71-b5b8-2e62140b46db,Lauren Li,2024-08-02,34337
97cff51c-8d17-428e-bc44-3acf3bcfb05e,Norma Campbell,2024-01-02,58812
4868cca7-e907-4c8f-b7c4-c095af39aa5d,Samuel Ramirez,2024-09-13,23840
92a8ceb1-3ebc-4960-9f02-4eae4855348d,Michele Freeman,2024-07-07,37823
3c7d90c0-cc83-4952-b015-d43206b5279b,Andrea Herrera,2024-06-27,39322
ff9765c5-39ac-40fa-9c2e-c34f1c488118,Wesley Perez,2024-02-28,16310
a6b7d9cb-e8c5-4a3f-97b0-62b1d821ed93,Charles Robinson,2024-02-06,811
431e1e6c-229d-4bb9-b60c-40f3d64a4bb2,Susan Brown,2024-07-26,2655
211d17f7-6595-4b4e-a8ec-df4de34264f4,Mr. Anthony Mcknight DVM,2024-06-13,16405
e3b1d5ee-729f-471b-9d73-68d270a50fe6,Kenneth Morris,2024-05-09,15072
f08528ac-a5c5-42e0-9e7a-0ed91485d5b7,David Hahn,2024-08-03,57613
dfc5cc87-8306-471f-9318-3c70f0dac30c,Jeffrey Webb,2024-02-17,1318
bd5f4e24-b147-4322-a572-a7fe31160c99,Laura Higgins,2024-06-21,83938
0415c6e9-599d-499e-abff-c5822a88f594,Nicholas Mendez,2024-05-31,261
2d16d227-e879-4e43-8ea6-9cb02ba9668a,Michele Hernandez,2024-02-18,44237
a1a60171-6f16-4efd-a388-dea38e26601c,Andrew Carpenter,2024-02-13,59364
5db3fd4e-562f-4552-889d-04b8be457fc4,Donald Perez,2024-06-29,7228
d858baa8-a8de-4e87-b114-7efbe5bd36bc,Kevin Wagner,2024-02-16,94405
87f75b54-5beb-4311-b083-078a9d9e080e,Jessica English,2024-07-25,23943
4093a9cc-4010-42aa-a0fd-26607fd8f037,Donald Lester,2024-02-15,30460
a45863f3-b682-41bb-85c5-3667161650d1,Anne Francis,2024-01-12,43011
bd3adf7a-39f9-4cae-9bf0-e2fdab48fc52,Daniel Medina,2024-04-24,50574
ffae6e9d-a3c2-451d-a157-cacf46df0497,Kristine Russell,2024-03-28,51064
e1f80f8d-7f3c-4766-a1c8-8ab1f3d5883f,Kelly Hale,2024-04-28,84853
a4e934dd-e7df-41de-892f-a340541af503,Benjamin Casey,2024-01-29,88932
44378431-bfb2-4ce1-9356-0e91cb757ca3,Tyler Davis,2024-08-06,4054
1d20b6b6-cfe7-402f-944f-ce9737cfd470,Deanna Howard,2024-09-14,32117
b8abc794-026c-4635-8ea5-58c23338180e,Robert Shah,2024-05-06,33803
1af4cf4a-368b-4189-9362-6d45ecbf1e0a,Emily Young,2024-09-08,7836
abf052e1-9df6-4631-8d81-616c6d04365e,Andrea Jones,2024-02-03,28751
4b378e99-fc26-425d-b7e0-baac59c29482,April Flores,2024-04-02,90745
5bd4b53b-2bc5-4fb6-86e2-fb55bbc263c0,Theresa Avery,2024-04-01,66344
6622179a-a0ac-4b15-b492-04ec40f57c1b,William Gonzalez,2024-07-13,52269
7cc54d07-07df-4c87-88f9-941d3036e02d,Maria Jones,2024-04-28,12993
485b342c-51ca-4c55-b713-de58459ce4bf,Jennifer Grant,2024-02-17,18527
0932ecfd-caf4-43a3-80c7-53020c71303f,Joshua Stephens,2024-05-09,27033
bde4ac86-eb42-4fcd-9386-917e171353f3,Elizabeth Bowman,2024-01-29,71615
dab69e7d-bb3b-4d4e-b8e3-3e2a6495454a,Blake Murphy,2024-05-15,10898
ad074ac0-57ad-40da-a62c-0b62a64845aa,Jamie Williamson,2024-07-22,78470
4228a9f3-8e50-4ea4-9a6b-0a4d17659428,Lori Bray,2024-07-04,22666
0cf86f3b-6513-4c0a-9af2-300e62075a3c,Brandon Harding,2024-08-17,14490
c4e9273a-c802-43a6-92d3-e4f7dc84d268,Michael Ware,2024-04-19,44519
caef9a30-b087-47d7-b97b-51caba36194c,Bryce Murphy,2024-03-09,31475
9cc66534-1459-4867-a37f-dc15e63c3414,Sharon Moreno,2024-05-01,88865
3def931c-3042-49ab-9aeb-5b3ebd8d3a2b,Kelsey Adams,2024-01-27,89380
4fe66a93-49ad-4cc5-a58c-90d1745ebfbd,Evelyn Huynh,2024-07-15,48182
80c7b896-8def-446f-9fdd-fb96535c6bc9,Michael Lewis,2024-09-11,46468
19289313-15ee-4d23-ac6b-a10bb4035777,Brittany Reynolds,2024-08-09,57290
a09af786-13cb-4fcc-a86b-77eb121c222b,Adrienne Kennedy,2024-01-31,42228
bb59303f-da87-432a-aa56-8f87bba94b69,Tanya Nolan,2024-05-15,23923
7f3cf7aa-0376-41a3-a0f3-4c0b9c3a515e,Danny Sanders,2024-03-13,99841
1373b84b-3b40-4d5b-ac37-5f89852b3b40,Christine Hansen,2024-02-29,90920
251b22a6-8722-41cd-9a35-2a921f1f74eb,Miss Carrie Gonzalez,2024-01-06,52390
d120858c-d4b2-46c6-aa78-ba1c4ffd1780,Mary Garcia,2024-08-12,86279
3aa1c41b-0916-4027-8624-3d3517357e0b,Tyler Sanchez,2024-09-15,43722
6feb4e9f-f697-41ba-9604-1ae67e16698d,Jason Torres,2024-08-20,95476
785977fa-68fc-4080-aed5-ba573061ed4d,Christine Cross,2024-04-16,80728
118260ab-a58f-478b-9117-bd96d7432507,Crystal Porter,2024-06-17,17987
051cbd9f-8d6b-4818-98e8-a1ca33651058,Anna Morris,2024-04-30,9504
f3d3f2d2-440a-46fa-9428-b1f3d9dc305b,Adrienne Garcia,2024-08-31,52065
